code,name,cap,price,per,pbr,eps,bps,div,cns_per,roe,debt,op_margin,op_growth,fy
005930,삼성전자,1502493600000000.0,266000.0,11.53,2.99,22292.0,86052.0,0.65,5.34,10.85,29.94,13.07,0.33230764529731704,202512
000660,SK하이닉스,1207503900000000.0,1730000.0,7.37,4.46,224313.0,370432.0,0.18,4.73,44.15,45.95,48.59,1.0115778125306276,202512
402340,SK스퀘어,135617900000000.0,1068000.0,4.14,2.47,248219.0,416096.0,nan,3.14,37.82,9.01,84.14,1.2438912411365606,202512
009150,삼성전기,106139700000000.0,1385000.0,109.44,10.49,12984.0,135420.0,0.17,71.72,7.7,48.98,8.07,0.24258503401360554,202512
373220,LG에너지솔루션,86580000000000.0,370500.0,nan,3.88,-7193.0,95479.0,nan,-225.2,-5.19,129.0,5.69,1.3394160583941606,202512
005380,현대차,81800700000000.0,398000.0,13.01,0.86,30697.0,467197.0,2.5,10.57,8.41,188.95,6.16,-0.19464732155397624,202512
207940,삼성바이오로직스,68788400000000.0,1594000.0,41.05,8.22,36202.0,180839.0,nan,36.67,19.44,48.44,45.41,0.5659149387013773,202512
032830,삼성생명,62000000000000.0,307000.0,21.59,0.69,14356.0,452324.0,1.71,19.61,4.96,440.89,6.95,0.032282582606608434,202512
105560,KB금융,60864400000000.0,168100.0,10.85,1.03,15817.0,167092.0,2.55,9.33,9.98,1211.73,10.49,0.05871751208780274,202512
028260,삼성물산,60812800000000.0,375500.0,22.7,0.58,16520.0,645052.0,0.75,22.68,6.02,50.5,8.08,0.10367366092377828,202512
012450,한화에어로스페이스,59658900000000.0,1150000.0,28.85,4.96,40099.0,233220.0,0.61,25.83,19.14,221.38,11.57,0.783763496737687,202512
034020,두산에너빌리티,56497500000000.0,85900.0,311.66,6.91,283.0,12767.0,nan,176.75,1.11,129.1,4.47,-0.25049135220125784,202512
055550,신한지주,51498700000000.0,108800.0,10.46,0.88,10486.0,124997.0,2.36,8.81,8.72,1201.94,10.86,0.08743245544769063,202512
000270,기아,49972900000000.0,126100.0,7.11,0.77,18004.0,166439.0,5.31,5.85,12.92,61.76,7.95,-0.2833324123122104,202512
329180,HD현대중공업,47967300000000.0,470000.0,17.83,4.55,25631.0,100473.0,1.24,14.82,18.82,180.07,11.59,1.8892512762336926,202512
006400,삼성SDI,46014300000000.0,569000.0,1246.72,1.85,458.0,308778.0,nan,67.47,-3.15,79.27,-12.98,-5.740985411505643,202512
068270,셀트리온,44360100000000.0,191300.0,29.03,2.44,6568.0,78267.0,0.38,28.36,5.94,28.71,28.07,1.375,202512
012330,현대모비스,40464200000000.0,451500.0,11.3,0.77,39873.0,583823.0,1.44,9.85,7.68,43.05,5.49,0.09240279811290053,202512
034730,SK,39369000000000.0,556000.0,4.93,0.8,110113.0,674968.0,1.47,3.35,6.35,149.17,1.48,-0.24102671118530883,202512
086790,하나금융지주,37314000000000.0,133600.0,9.37,0.81,14513.0,168253.0,3.02,8.47,9.17,1377.89,7.76,0.1020967210413577,202512
035420,NAVER,33532900000000.0,216500.0,17.11,1.12,12885.0,197363.0,1.19,17.58,7.36,41.9,18.35,0.11559642297782036,202512
066570,LG전자,32821300000000.0,198300.0,34.88,1.35,5777.0,149377.0,0.67,15.88,4.28,140.33,2.78,-0.275258063572828,202512
010120,LS ELECTRIC,32175000000000.0,219500.0,82.75,14.98,2592.0,14317.0,0.28,59.78,14.67,131.48,8.59,0.09417500641519116,202512
000810,삼성화재,30672800000000.0,682000.0,16.54,1.21,41543.0,568001.0,2.84,14.0,10.97,352.98,10.73,0.003585446859903474,202512
298040,효성중공업,29400300000000.0,3079000.0,50.25,11.35,62744.0,277856.0,0.24,37.62,24.41,190.31,12.52,1.0606896551724136,202512
267260,HD현대일렉트릭,29342400000000.0,821000.0,34.49,12.99,23602.0,62651.0,0.87,30.79,41.5,134.63,24.4,0.4877428998505231,202512
010130,고려아연,28700300000000.0,1372000.0,28.27,2.47,48642.0,556217.0,1.46,22.56,8.48,82.36,7.43,0.7026952315134762,202512
042660,한화오션,27117600000000.0,89600.0,13.07,3.6,6770.0,24558.0,nan,13.77,22.59,226.17,9.13,3.9079445145018914,202512
005490,POSCO홀딩스,26744000000000.0,339500.0,20.16,0.44,16737.0,759917.0,2.96,14.33,1.18,68.64,2.64,-0.1594129554655871,202512
009540,HD한국조선해양,25089100000000.0,360500.0,7.28,1.69,48724.0,209715.0,3.47,6.46,17.78,133.86,13.04,1.7226134858099158,202512
316140,우리금융지주,24682200000000.0,32950.0,8.04,0.65,4216.0,51992.0,4.01,7.7,8.91,1488.67,8.85,-0.1363978191389359,202512
017670,SK텔레콤,21178300000000.0,99100.0,28.33,1.36,3480.0,72456.0,nan,15.79,3.33,132.4,6.28,-0.41142919820116264,202512
042700,한미반도체,20921000000000.0,222000.0,94.21,27.88,2330.0,7874.0,0.36,nan,34.76,17.82,43.59,-0.01566170712607673,202512
015760,한국전력,20895900000000.0,33950.0,2.67,0.41,12213.0,78939.0,4.74,5.06,19.4,416.85,13.85,0.6128014154721628,202512
011200,HMM,20468300000000.0,21450.0,14.58,0.71,1488.0,30457.0,3.23,11.03,6.9,26.31,13.42,-0.5840355272147575,202512
000150,두산,20048000000000.0,1214000.0,71.38,8.48,17343.0,145939.0,0.32,54.57,4.99,169.14,5.37,0.05867702729627422,202512
096770,SK이노베이션,19762300000000.0,112000.0,nan,0.76,-6951.0,154159.0,nan,6.93,-14.42,190.2,0.56,0.2614562833848748,202512
006800,미래에셋증권,19630200000000.0,36100.0,11.34,1.49,3187.0,24209.0,0.82,7.26,12.36,1015.01,6.54,0.6119013551047892,202512
051910,LG화학,19554100000000.0,274500.0,nan,0.61,-19319.0,452637.0,0.72,-63.94,-5.5,114.54,2.57,0.34975425762944345,202512
018260,삼성에스디에스,18802800000000.0,234000.0,28.98,1.82,8386.0,133300.0,1.31,26.8,7.89,31.09,6.87,0.050488420590494965,202512
010140,삼성중공업,18656000000000.0,21000.0,33.02,3.8,642.0,5586.0,nan,19.89,13.73,265.05,8.1,0.7151382534314701,202512
033780,KT&G,18301800000000.0,174500.0,14.21,1.89,12405.0,93205.0,3.4,14.05,11.77,51.98,20.42,0.1302994616419919,202512
003550,LG,17583600000000.0,114500.0,24.16,0.58,4813.0,201266.0,2.67,15.26,2.64,12.03,12.58,-0.05647496896979731,202512
278470,에이피알,17277700000000.0,434500.0,40.04,26.66,11527.0,17309.0,1.1,29.44,75.3,73.11,23.93,1.9788101059494703,202512
267250,HD현대,17220500000000.0,216000.0,6.3,1.26,34618.0,173040.0,1.84,4.38,10.25,159.39,8.56,1.0446500402252616,202512
010950,S-Oil,16797400000000.0,136700.0,11.42,1.72,13069.0,86631.0,0.22,5.98,2.01,198.82,0.69,-0.4419706300331596,202512
024110,기업은행,16626300000000.0,20500.0,6.27,0.45,3325.0,46146.0,5.03,5.95,7.7,1258.51,12.51,0.01711137697893772,202512
003670,포스코퓨처엠,16570700000000.0,184000.0,368.18,3.95,506.0,47212.0,0.13,576.78,0.92,102.65,1.12,45.857142857142854,202512
035720,카카오,16323900000000.0,36000.0,47.06,1.38,783.0,26659.0,0.2,27.92,4.59,82.49,9.04,0.4778921865536039,202512
079550,LIG디펜스앤에어로스페이스,16148000000000.0,745000.0,56.37,10.05,13022.0,73022.0,0.4,44.85,19.2,446.35,7.42,0.4297224709042078,202512
086280,현대글로비스,15375000000000.0,203500.0,9.98,1.41,20548.0,145224.0,2.83,9.24,18.13,78.92,7.01,0.18261167208625717,202512
064350,현대로템,15181700000000.0,138600.0,18.8,4.46,7400.0,31211.0,0.43,16.96,30.05,206.39,17.22,1.2023653088042048,202512
011070,LG이노텍,14460600000000.0,597000.0,21.81,2.27,28019.0,269205.0,0.31,15.49,6.14,107.02,3.04,-0.058073654390934815,202512
000720,현대건설,14353800000000.0,129300.0,32.29,1.56,3992.0,82483.0,0.62,28.19,4.58,174.81,2.1,nan,202512
272210,한화시스템,14320100000000.0,77900.0,77.03,3.15,984.0,24026.0,0.66,102.85,6.6,106.5,3.27,-0.4532603739170087,202512
030200,KT,13735200000000.0,53900.0,10.6,0.7,5141.0,77912.0,4.4,9.54,10.22,120.72,8.74,2.050154416306362,202512
047810,한국항공우주,12973900000000.0,137600.0,73.17,6.83,1819.0,19491.0,0.38,53.78,10.51,446.57,7.28,0.11840465309513926,202512
005830,DB손해보험,12274800000000.0,184000.0,8.27,0.98,22663.0,190944.0,4.06,nan,17.75,576.91,10.34,-0.016866674914429503,202512
078930,GS,12002100000000.0,123200.0,5.24,0.75,24679.0,173176.0,2.32,4.86,5.55,86.04,11.66,-0.04585337319641236,202512
003230,삼양식품,11653600000000.0,1480000.0,23.9,7.61,64729.0,203212.0,0.31,20.6,37.59,72.74,22.29,0.5211839814277424,202512
307950,현대오토에버,11408400000000.0,413500.0,59.8,6.03,6957.0,68995.0,0.46,53.62,10.27,92.31,6.0,0.13770053475935828,202512
071050,한국금융지주,10660400000000.0,191400.0,4.76,0.88,40219.0,218546.0,4.54,3.83,18.66,1025.35,12.05,0.9549053930149205,202512
003490,대한항공,10567900000000.0,28200.0,nan,1.01,-693.0,28464.0,2.61,31.57,7.28,339.88,4.42,-0.47227750924083023,202512
323410,카카오뱅크,10425100000000.0,21600.0,19.67,1.57,1111.0,13899.0,2.11,17.27,7.23,1032.02,21.04,0.07002801120448177,202512
259960,크래프톤,10178900000000.0,219500.0,12.57,1.34,17700.0,165959.0,1.01,11.05,10.6,31.31,31.7,-0.1083298097251586,202512
443060,HD현대마린솔루션,9908200000000.0,221000.0,29.63,11.11,7459.0,19898.0,1.79,28.12,33.73,54.27,17.66,0.28855355171144637,202512
005940,NH투자증권,9839300000000.0,26600.0,7.48,1.0,3565.0,26593.0,4.88,5.9,11.76,783.5,10.37,0.5765175896126955,202512
006260,LS,9765600000000.0,313000.0,23.11,1.62,13543.0,193319.0,0.8,15.04,5.64,225.47,3.3,-0.018920682263025457,202512
028050,삼성E&A,9555000000000.0,50100.0,14.41,1.91,3383.0,25567.0,1.62,12.91,13.76,125.8,8.77,-0.18474680938657884,202512
047050,포스코인터내셔널,9271100000000.0,52500.0,11.19,1.28,4709.0,41034.0,3.51,10.08,9.27,140.03,3.6,0.006477802729314197,202512
090430,아모레퍼시픽,8809000000000.0,142400.0,36.36,1.86,4142.0,80855.0,0.82,27.89,4.41,26.49,7.9,0.5229024943310658,202512
180640,한진칼,8765900000000.0,126600.0,nan,2.64,-453.0,49695.0,0.27,nan,4.75,20.93,-2.52,-1.1524390243902438,202512
007660,이수페타시스,8280600000000.0,112800.0,41.2,9.64,2738.0,11703.0,0.2,30.54,29.64,70.53,18.82,1.0088321884200195,202512
161390,한국타이어앤테크놀로지,8225300000000.0,65600.0,6.78,0.6,9792.0,109979.0,3.46,6.4,9.39,87.63,8.68,0.044714293820575346,202512
047040,대우건설,8090800000000.0,20000.0,nan,2.14,-1362.0,9216.0,nan,14.47,-23.89,284.46,-10.12,-3.022823120813694,202512
016360,삼성증권,7903100000000.0,88300.0,6.53,0.97,13546.0,91465.0,4.52,4.6,13.09,887.64,9.25,0.14090230552330407,202512
352820,하이브,7759200000000.0,178500.0,nan,2.23,-8743.0,80633.0,0.28,41.19,-7.33,54.46,1.86,-0.7320652173913044,202512
009830,한화솔루션,7590100000000.0,33400.0,nan,0.66,-881.0,51067.0,nan,20.9,-7.01,196.32,-2.74,nan,202512
064400,LG씨엔에스,7344000000000.0,74400.0,15.25,2.41,4969.0,31447.0,2.44,15.57,17.35,79.68,9.0,0.07584324429713396,202512
039490,키움증권,7304600000000.0,279500.0,5.6,1.06,49724.0,263774.0,4.13,4.01,18.12,1107.51,8.69,0.3551265707521398,202512
000880,한화,7194100000000.0,130200.0,15.68,0.89,8601.0,151529.0,0.82,7.13,3.3,497.35,5.54,0.7163610777699598,202512
021240,코웨이,7105000000000.0,98300.0,10.5,1.84,9563.0,54488.0,1.95,9.88,18.14,93.71,17.7,0.10472718129243153,202512
326030,SK바이오팜,6891600000000.0,88000.0,17.19,6.74,5120.0,13047.0,nan,21.07,39.28,45.03,28.86,1.1173416407061265,202512
267270,HD건설기계,6546100000000.0,140600.0,10.55,1.33,12944.0,102911.0,0.4,11.11,5.74,86.64,4.52,-0.10241596638655459,202512
128940,한미약품,6520800000000.0,504000.0,30.04,4.6,16942.0,110632.0,0.39,25.34,14.52,50.23,16.66,0.19241443108233125,202512
377300,카카오페이,6405200000000.0,46900.0,72.96,3.25,649.0,14583.0,nan,47.64,2.4,173.7,5.25,nan,202512
032640,LG유플러스,6374900000000.0,14740.0,12.05,0.7,1246.0,21372.0,4.39,8.69,6.01,117.06,5.77,0.033599814621712465,202512
000100,유한양행,6250000000000.0,82700.0,29.01,2.66,2927.0,31931.0,0.71,40.2,8.81,36.35,4.77,0.901639344262295,202512
062040,산일전기,6205200000000.0,201500.0,34.27,9.33,5909.0,21710.0,0.62,29.03,29.21,16.48,35.59,0.6355311355311355,202512
000500,가온전선,6074600000000.0,211500.0,94.49,11.46,2159.0,17807.0,0.03,nan,10.96,184.82,3.11,0.76,202512
241560,두산밥캣,6048500000000.0,61900.0,12.14,0.77,5197.0,82108.0,2.69,10.75,5.71,70.77,7.8,-0.21264631627266473,202512
001440,대한전선,5821000000000.0,29800.0,nan,3.08,-82.0,9634.0,nan,60.74,5.48,114.0,3.54,0.11631944444444442,202512
066970,엘앤에프,5484300000000.0,129800.0,nan,6.85,-8250.0,19673.0,nan,-76.42,-76.95,363.06,-7.28,nan,202512
029780,삼성카드,5480100000000.0,46350.0,8.87,0.58,5332.0,82034.0,5.92,8.99,7.45,263.01,19.48,-0.03580302688050596,202512
175330,JB금융지주,5418500000000.0,28000.0,7.79,0.91,3731.0,31851.0,3.92,7.32,12.36,1084.16,20.57,0.05098774969650144,202512
353200,대덕전자,5317300000000.0,111300.0,36.45,5.67,2952.0,18963.0,0.47,24.01,5.37,31.28,4.61,3.345132743362832,202512
088350,한화생명,5167800000000.0,5480.0,6.98,0.3,852.0,19978.0,nan,4.57,6.51,974.0,4.18,0.04585232452142196,202512
010060,OCI홀딩스,5125000000000.0,276000.0,137.53,1.25,1996.0,220043.0,0.36,31.8,-2.27,66.35,-1.7,-1.567487684729064,202512
271560,오리온,5119000000000.0,126200.0,12.21,1.26,10602.0,102850.0,2.7,10.72,10.51,17.55,16.75,0.027041942604856484,202512
036570,NC,4847400000000.0,223000.0,7.85,1.24,28673.0,181808.0,0.51,10.38,10.79,28.56,1.07,nan,202512
034220,LG디스플레이,4810000000000.0,9590.0,nan,0.76,-2704.0,12602.0,nan,155.16,3.44,243.36,2.0,nan,202512
088980,맥쿼리인프라,4770100000000.0,9850.0,nan,nan,nan,nan,7.63,nan,,,,,
051900,LG생활건강,4762200000000.0,298500.0,nan,0.94,-4342.0,337569.0,0.63,23.37,-1.82,23.32,2.69,-0.6281045751633987,202512
052690,한전기술,4678100000000.0,126300.0,130.07,7.86,941.0,15580.0,1.1,80.85,14.2,41.7,6.83,-0.4992947813822285,202512
454910,두산로보틱스,4641100000000.0,73100.0,nan,14.1,-794.0,5079.0,nan,nan,-14.78,14.57,-180.34,nan,202512
011790,SKC,4528300000000.0,90100.0,nan,2.1,-20562.0,43545.0,nan,-14.92,-73.28,232.74,-16.58,nan,202512
001450,현대해상,4467000000000.0,48950.0,4.45,0.73,11772.0,71324.0,nan,4.02,20.6,877.79,6.96,0.013584117032392928,202512
004020,현대제철,4136800000000.0,31450.0,nan,0.2,-136.0,151227.0,1.61,37.76,-0.04,73.6,0.96,0.374294670846395,202512
000990,DB하이텍,4085100000000.0,95400.0,11.91,1.67,7886.0,56254.0,0.86,nan,12.52,33.36,19.85,0.45335429769392044,202512
002380,KCC,4068700000000.0,469500.0,1.14,0.32,413917.0,1498027.0,3.17,2.37,23.51,114.76,6.59,-0.09233708342177882,202512
082740,한화엔진,4026300000000.0,48300.0,18.39,6.2,2623.0,7788.0,nan,20.26,36.6,204.92,9.49,0.8195804195804195,202512
004170,신세계,3830000000000.0,425000.0,23.02,0.66,17615.0,616162.0,1.28,9.23,0.32,140.91,6.93,0.0062893081761006275,202512
161890,한국콜마,3816900000000.0,145800.0,20.65,3.81,7832.0,42430.0,0.53,19.51,14.69,107.38,8.8,0.23568849922640545,202512
001040,CJ,3807600000000.0,126600.0,99.09,0.8,1317.0,162243.0,2.53,13.24,2.69,176.0,5.62,-0.0018165304268846771,202512
018880,한온시스템,3581700000000.0,3480.0,nan,0.87,-6.0,4008.0,nan,14.02,-6.0,168.14,2.48,1.831413612565445,202512
103590,일진전기,3462000000000.0,75100.0,24.62,5.29,2949.0,13721.0,0.69,19.08,19.08,159.23,7.4,0.8971141781681304,202512
192820,코스맥스,3438900000000.0,283000.0,18.66,5.32,16236.0,56990.0,1.09,20.31,23.86,247.1,8.16,0.11630558722919049,202512
036460,한국가스공사,3424800000000.0,36900.0,6.03,0.28,6152.0,134750.0,3.11,2.94,1.23,396.6,5.88,-0.3003928880601985,202512
009420,한올바이오파마,3374700000000.0,64300.0,nan,20.33,-477.0,3178.0,nan,-1153.57,-3.37,39.3,-0.59,-5.5,202512
111770,영원무역,3292300000000.0,73400.0,5.57,0.7,13333.0,106119.0,2.83,5.44,12.66,39.25,12.66,0.6299112801013942,202512
022100,포스코DX,3253500000000.0,21150.0,101.9,5.76,210.0,3715.0,0.58,nan,9.53,45.73,5.62,-0.4458715596330275,202512
006360,GS건설,3179400000000.0,36900.0,24.36,0.64,1525.0,57609.0,1.35,21.04,2.03,234.2,3.52,0.5307692307692307,202512
012750,에스원,3172900000000.0,85500.0,20.77,1.64,4020.0,50837.0,3.83,18.73,10.45,38.47,8.12,0.12141491395793502,202512
011780,금호석유화학,3167300000000.0,123600.0,7.21,0.47,17465.0,265467.0,1.35,6.52,4.74,35.67,3.93,-0.003665689149560114,202512
035250,강원랜드,3164200000000.0,14540.0,9.58,0.75,1544.0,19725.0,6.42,10.14,8.11,22.21,15.93,-0.17669699090272917,202512
085620,미래에셋생명,3136200000000.0,25950.0,28.61,1.05,811.0,22038.0,nan,nan,5.22,1244.75,3.75,0.592956592956593,202512
251270,넷마블,3114300000000.0,36300.0,7.98,0.5,4695.0,74517.0,2.34,6.3,4.15,47.36,12.43,0.6349721706864564,202512
031210,서울보증보험,3103600000000.0,42700.0,10.13,0.62,4390.0,71321.0,6.45,nan,5.18,81.11,13.62,0.3432248838040759,202512
028670,팬오션,3095200000000.0,5620.0,9.15,0.49,633.0,11826.0,2.59,6.58,5.3,89.63,9.05,0.04393039049236003,202512
302440,SK바이오사이언스,3055900000000.0,38450.0,nan,1.74,-1080.0,22375.0,nan,nan,-3.2,45.07,-18.96,nan,202512
008930,한미사이언스,3043400000000.0,42100.0,20.16,2.84,2207.0,15661.0,0.67,nan,13.13,55.24,10.22,0.4024266936299292,202512
336260,두산퓨얼셀,2973400000000.0,45200.0,nan,12.4,-2308.0,3661.0,nan,-41.31,-30.66,226.12,-23.23,nan,202512
017800,현대엘리베이터,2955400000000.0,75500.0,8.04,2.52,9398.0,30029.0,18.53,nan,20.11,157.77,8.48,-0.07310589277802393,202512
023530,롯데쇼핑,2888300000000.0,104100.0,15.95,0.19,6401.0,541270.0,3.92,8.42,0.34,124.77,3.98,0.15620376241809342,202512
004800,효성,2872700000000.0,167000.0,6.22,1.07,27590.0,160952.0,2.91,7.26,14.35,88.55,16.16,0.7774762550881953,202512
139130,iM금융지주,2869500000000.0,17710.0,6.64,0.46,2727.0,38972.0,3.86,6.02,7.27,1435.88,7.25,1.214123006833713,202512
483650,달바글로벌,2868400000000.0,222500.0,26.02,11.29,8801.0,20290.0,1.15,21.91,52.59,28.6,19.52,0.6973244147157192,202512
097950,CJ제일제당,2849800000000.0,186300.0,nan,0.41,-41473.0,466060.0,3.17,10.22,-7.67,157.5,4.51,-0.1504717305970663,202512
375500,DL이앤씨,2836200000000.0,74300.0,5.06,0.55,14481.0,132181.0,1.21,6.36,7.34,84.38,5.23,0.4285714285714286,202512
007340,DN오토모티브,2761700000000.0,46400.0,7.12,1.02,6628.0,46067.0,2.12,nan,15.02,115.36,14.36,0.009562057754828768,202512
004370,농심,2740200000000.0,427000.0,13.92,0.87,32367.0,515963.0,1.33,13.2,6.18,35.0,5.23,0.12752912323727772,202512
450080,에코프로머티,2722800000000.0,38650.0,40.52,2.52,949.0,15284.0,nan,nan,2.56,51.05,-16.65,nan,202512
026960,동서,2607200000000.0,25850.0,18.05,1.5,1449.0,17410.0,4.36,nan,8.48,3.52,8.51,0.01797752808988773,202512
003690,코리안리,2587200000000.0,14500.0,6.46,0.68,2267.0,21488.0,3.89,nan,9.03,287.13,7.02,0.16156882091761227,202512
383220,F&F,2562700000000.0,63100.0,4.9,1.22,13659.0,54907.0,4.04,5.27,23.16,41.13,24.23,0.039715997337474995,202512
001720,신영증권,2546600000000.0,155200.0,14.08,0.6,11002.0,257456.0,4.84,nan,8.04,527.21,6.17,0.4386480529022778,202603
011170,롯데케미칼,2545100000000.0,57400.0,nan,0.19,-27422.0,316159.0,1.68,-14.17,-15.13,76.52,-5.1,nan,202512
282330,BGF리테일,2540700000000.0,139700.0,11.81,1.92,12452.0,76586.0,2.79,10.9,15.64,170.83,2.8,0.009141494435612074,202512
489790,한화비전,2534500000000.0,51600.0,21.29,2.67,2358.0,18819.0,nan,13.25,5.4,108.88,9.06,28.509090909090908,202512
426030,TIME 미국나스닥100액티브,nan,45955.0,nan,nan,nan,nan,nan,nan,,,,,
005850,에스엘,2433900000000.0,52600.0,6.38,0.89,8208.0,58754.0,5.29,6.64,12.81,50.74,7.77,0.03011133603238858,202512
103140,풍산,2421300000000.0,83000.0,11.99,0.97,7204.0,89498.0,1.97,8.14,6.54,88.38,5.89,-0.08153180975911056,202512
004990,롯데지주,2406900000000.0,23800.0,nan,0.29,-3837.0,83300.0,5.18,29.34,-10.51,144.87,1.54,-0.2969162995594714,202512
204320,HL만도,2361900000000.0,50400.0,13.97,0.8,3600.0,62646.0,1.49,11.72,3.82,148.16,3.78,-0.004738015607580803,202512
000240,한국앤컴퍼니,2349600000000.0,24150.0,5.94,0.45,4167.0,54762.0,4.44,nan,7.52,10.01,28.24,-0.016017212526894586,202512
279570,케이뱅크,2312500000000.0,5640.0,16.62,0.96,343.0,5968.0,nan,nan,5.4,1367.21,8.77,-0.11954887218045118,202512
181710,NHN,2282900000000.0,70100.0,32.82,1.42,2124.0,48960.0,0.72,21.67,2.2,117.49,5.26,nan,202512
007070,GS리테일,2228100000000.0,25750.0,17.18,0.66,1551.0,40141.0,2.25,9.91,1.34,128.41,2.44,0.14057008980866859,202512
030000,제일기획,2224900000000.0,19000.0,10.11,1.22,1913.0,15916.0,6.36,9.95,13.7,125.93,7.41,0.05051449953227305,202512
009970,영원무역홀딩스,2221600000000.0,168100.0,5.35,0.61,32086.0,280536.0,3.83,nan,12.83,32.34,15.02,0.4226305609284333,202512
081660,미스토홀딩스,2195300000000.0,40800.0,8.5,1.01,4864.0,40975.0,4.79,7.52,11.39,112.73,10.63,0.3159645232815964,202512
014680,한솔케미칼,2191200000000.0,206000.0,14.86,1.99,13662.0,102067.0,1.28,13.3,14.34,35.94,17.67,0.21273291925465831,202512
005440,현대지에프홀딩스,2175100000000.0,12020.0,5.25,0.35,2259.0,34266.0,2.53,5.98,11.18,43.57,3.39,0.38364462392730947,202512
002790,아모레퍼시픽홀딩스,2140800000000.0,26300.0,18.59,0.71,1506.0,39318.0,1.43,nan,3.64,21.2,7.96,0.4761331728840754,202512
018670,SK가스,2131900000000.0,230500.0,6.9,0.55,33341.0,420856.0,3.91,nan,8.24,155.42,5.77,0.541782729805014,202512
051600,한전KPS,2117300000000.0,46900.0,16.31,1.57,2885.0,29928.0,3.51,14.17,9.29,26.58,8.89,-0.33126491646778045,202512
073240,금호타이어,2114200000000.0,7110.0,4.44,0.87,1659.0,8433.0,nan,5.19,18.53,147.44,12.25,-0.021576622494053677,202512
456600,TIME 글로벌AI인공지능액티브,nan,57865.0,nan,nan,nan,nan,nan,nan,,,,,
112610,씨에스윈드,2083300000000.0,49850.0,479.61,1.6,103.0,30897.0,2.02,11.21,3.02,167.68,10.93,0.2536203522504892,202512
139480,이마트,2072400000000.0,74000.0,97.66,0.15,769.0,490692.0,3.33,-610.57,1.27,144.61,1.11,5.8471337579617835,202512
069960,현대백화점,2014200000000.0,95200.0,9.05,0.43,10322.0,217975.0,2.3,7.51,4.64,78.26,8.93,0.33063380281690136,202512
457190,이수스페셜티케미컬,1997500000000.0,66700.0,301.83,14.42,219.0,4583.0,nan,nan,0.6,175.79,0.39,-0.8873239436619719,202512
462870,시프트업,1932600000000.0,32700.0,10.61,1.92,3100.0,17091.0,nan,14.07,22.71,17.6,61.59,0.18795022920759652,202512
475150,SK이터닉스,1900900000000.0,55800.0,253.64,7.07,220.0,7888.0,nan,65.03,11.93,382.37,13.74,0.40957446808510634,202512
439260,대한조선,1866300000000.0,49350.0,6.18,1.56,7925.0,31476.0,0.51,6.17,32.19,40.8,23.95,0.8602150537634408,202512
020150,롯데에너지머티리얼즈,1848500000000.0,35200.0,nan,1.07,-1556.0,32887.0,nan,-47.19,-10.54,23.15,-21.44,nan,202512
071970,HD현대마린엔진,1801200000000.0,53600.0,9.25,3.45,5740.0,15390.0,nan,13.93,41.36,66.64,18.87,1.286144578313253,202512
089860,롯데렌탈,1732000000000.0,47250.0,14.62,1.1,3262.0,43521.0,2.52,12.53,8.39,372.31,10.71,0.0972612359550562,202512
023590,다우기술,1707700000000.0,38450.0,2.34,0.44,16838.0,89993.0,4.56,nan,15.95,1006.86,8.91,0.3274027411253937,202512
006040,동원산업,1706000000000.0,37750.0,3.94,0.45,9808.0,86550.0,2.98,4.41,11.61,110.1,5.39,0.029523239577099458,202512
000120,CJ대한통운,1704100000000.0,73300.0,7.64,0.36,9773.0,209877.0,1.07,8.19,5.98,132.88,4.14,-0.04258526474467683,202512
120110,코오롱인더,1692000000000.0,53000.0,12.85,0.43,4397.0,131731.0,2.3,8.05,1.01,88.99,2.23,-0.31379962192816635,202512
008770,호텔신라,1687700000000.0,42200.0,nan,1.43,-3458.0,30119.0,nan,14.94,-14.46,220.14,0.33,nan,202512
011210,현대위아,1623500000000.0,59300.0,22.89,0.43,2608.0,139961.0,2.01,10.78,2.75,72.8,2.41,-0.06581352833638021,202512
020560,아시아나항공,1582000000000.0,7530.0,nan,11.93,-5754.0,644.0,nan,nan,-34.48,1370.19,-4.75,-2.2520856002901706,202512
001800,오리온홀딩스,1576100000000.0,25300.0,11.68,0.62,2243.0,42358.0,4.2,nan,5.01,19.93,14.37,-0.03654681943895688,202512
097230,HJ중공업,1549500000000.0,17160.0,10.81,2.06,1588.0,8339.0,nan,nan,10.15,266.36,3.35,8.191780821917808,202512
001430,세아베스틸지주,1527700000000.0,43450.0,17.23,0.77,2472.0,55195.0,2.82,15.33,2.89,100.44,2.7,0.881453154875717,202512
294870,IPARK현대산업개발,1525800000000.0,23000.0,8.28,0.44,2796.0,52436.0,3.02,4.17,5.0,136.53,6.0,0.34669555796316365,202512
006280,녹십자,1525100000000.0,127100.0,nan,1.2,-4270.0,108357.0,1.15,8.17,-0.38,113.09,3.47,1.1557632398753892,202512
322000,HD현대에너지솔루션,1523200000000.0,142000.0,18.06,3.23,7532.0,42125.0,nan,nan,10.59,26.96,8.37,10.771428571428572,202512
298020,효성티앤씨,1497400000000.0,333000.0,13.3,0.85,26006.0,407689.0,2.92,5.6,0.71,193.27,3.27,-0.07092722571111931,202512
001120,LX인터내셔널,1496100000000.0,38150.0,12.5,0.47,3088.0,82641.0,5.18,5.51,5.22,163.83,1.75,-0.40269828291087495,202512
069620,대웅제약,1492400000000.0,124900.0,7.63,1.39,16871.0,92465.0,0.47,8.08,21.75,108.24,12.53,0.3306288032454361,202512
007810,코리아써키트,1441400000000.0,60900.0,19.44,3.37,3092.0,17816.0,0.17,13.91,11.54,76.14,3.56,nan,202512
229640,LS에코에너지,1405700000000.0,48400.0,31.72,5.6,1447.0,8202.0,0.55,26.02,21.43,117.63,6.96,0.4910714285714286,202512
012630,HDC,1386000000000.0,23200.0,3.14,0.36,7378.0,64552.0,1.94,nan,10.82,133.68,9.85,0.8825065274151436,202512
361610,SK아이이테크놀로지,1364200000000.0,18220.0,nan,1.06,-19576.0,15747.0,nan,-1.52,-8.58,68.82,-94.08,nan,202512
007310,오뚜기,1358700000000.0,326000.0,18.61,0.54,18216.0,622347.0,2.66,nan,3.35,65.29,4.82,-0.2013513513513514,202512
280360,롯데웰푸드,1346600000000.0,136000.0,15.88,0.57,9215.0,256312.0,2.26,10.74,3.34,100.02,2.6,-0.3029917250159134,202512
093370,후성,1342800000000.0,13060.0,36.82,3.67,340.0,3408.0,nan,nan,1.61,112.53,5.38,nan,202512
001740,SK네트웍스,1342000000000.0,6860.0,12.16,0.62,550.0,10871.0,3.74,11.78,2.44,148.85,1.28,-0.24231782265144863,202512
005070,코스모신소재,1341900000000.0,40750.0,nan,2.48,-216.0,16280.0,nan,nan,-0.1,45.14,0.52,-0.904,202512
281820,케이씨텍,1320600000000.0,68700.0,15.66,2.29,4260.0,29107.0,0.68,nan,10.55,13.25,15.66,0.20481927710843384,202512
017960,한국카본,1289300000000.0,23800.0,12.61,1.91,1978.0,13032.0,1.28,10.91,19.3,79.81,14.41,1.8854625550660793,202512
082640,동양생명,1287500000000.0,8250.0,12.89,0.7,640.0,11818.0,nan,nan,7.08,2182.12,5.56,-0.45992936701983156,202512
003540,대신증권,1284600000000.0,26800.0,9.57,0.47,2816.0,56922.0,4.45,4.59,5.06,864.42,5.95,2.6052631578947367,202512
415640,KB발해인프라,1280600000000.0,10320.0,nan,nan,nan,nan,6.22,nan,,,,,
192080,더블유게임즈,1253500000000.0,57200.0,7.04,0.86,8407.0,68927.0,2.03,6.38,11.33,11.83,32.25,-0.06674708484117409,202512
004000,롯데정밀화학,1247400000000.0,47200.0,6.21,0.49,7792.0,99599.0,3.1,5.95,4.42,12.75,4.24,0.4761904761904763,202512
300720,한일시멘트,1246600000000.0,16330.0,12.01,0.67,1411.0,25188.0,5.9,nan,4.14,62.39,9.32,-0.5110537951363301,202512
030610,교보증권,1165800000000.0,10140.0,7.3,0.53,1401.0,19156.0,5.38,nan,6.96,809.49,4.23,0.6716417910447761,202512
001820,삼화콘덴서,1145500000000.0,108300.0,59.89,4.0,1840.0,27552.0,0.45,nan,4.62,21.69,4.37,-0.2752808988764045,202512
000080,하이트진로,1102500000000.0,15180.0,23.78,0.95,661.0,16552.0,4.45,11.3,3.69,186.53,6.9,-0.17203267659778954,202512
003530,한화투자증권,1072700000000.0,4800.0,13.05,0.53,383.0,9350.0,nan,nan,5.41,739.27,4.77,35.925,202512
006340,대원전선,1067200000000.0,14140.0,85.6,7.53,159.0,1807.0,nan,nan,7.45,127.85,1.5,-0.3426573426573427,202512
032350,롯데관광개발,1056400000000.0,12880.0,20.02,2.8,662.0,4727.0,nan,14.43,8.06,488.68,21.93,2.674358974358974,202512
000210,DL,1047800000000.0,50000.0,8.03,0.26,6229.0,190742.0,nan,nan,-2.17,147.55,5.61,-0.27636363636363637,202512
003090,대웅,1046000000000.0,17480.0,5.83,0.6,3086.0,29804.0,1.11,nan,16.11,82.88,12.66,-0.07130188009932603,202512
003240,태광산업,1022100000000.0,899000.0,8.61,0.18,106610.0,5050586.0,0.19,nan,2.06,13.47,-1.97,nan,202512
003570,SNT다이내믹스,1019200000000.0,31150.0,20.74,0.82,1478.0,37242.0,5.87,nan,7.43,41.74,12.0,-0.2262443438914027,202512
077970,STX엔진,1015700000000.0,26200.0,15.04,2.65,1682.0,9540.0,nan,nan,22.26,237.5,8.82,0.6492890995260663,202512
479080,1Q 머니마켓액티브,nan,53740.0,nan,nan,nan,nan,nan,nan,,,,,
006110,삼아알미늄,1013300000000.0,64400.0,nan,4.57,-1515.0,14650.0,0.04,nan,-10.79,107.42,-6.5,nan,202512
192400,쿠쿠홀딩스,1002900000000.0,28050.0,5.73,0.64,4922.0,43968.0,5.5,nan,11.56,20.53,12.38,0.10465116279069764,202512
000370,한화손해보험,986400000000.0,7730.0,4.84,0.45,1747.0,18619.0,nan,nan,10.56,656.87,5.77,-0.014000459031443646,202512
185750,종근당,945500000000.0,67100.0,11.9,0.89,5758.0,77070.0,0.73,14.45,8.17,78.89,4.76,-0.18994974874371862,202512
030190,NICE평가정보,943200000000.0,15530.0,10.94,1.94,1463.0,8252.0,3.19,nan,17.62,37.69,17.34,0.20276497695852536,202512
285130,SK케미칼,937600000000.0,49950.0,143.01,0.42,379.0,128161.0,2.12,nan,2.0,93.85,-0.01,nan,202512
009240,한샘,934300000000.0,38850.0,78.3,1.62,507.0,24466.0,nan,41.23,12.34,148.39,1.06,-0.40705128205128205,202512
034230,파라다이스,929100000000.0,9780.0,12.41,0.5,808.0,19937.0,1.5,10.6,5.62,84.41,13.55,0.14474650991917715,202512
005300,롯데칠성,924200000000.0,97500.0,15.32,0.64,6503.0,154751.0,3.41,10.21,3.13,167.74,4.21,-0.09572742022714986,202512
009450,경동나비엔,922200000000.0,62900.0,5.82,1.03,10869.0,61440.0,1.19,nan,12.24,97.56,9.54,0.08144796380090491,202512
004490,세방전지,918900000000.0,60100.0,6.48,0.53,10225.0,126170.0,4.0,nan,9.12,34.89,7.18,-0.14412910406232615,202512
195870,해성디에스,918000000000.0,55600.0,17.13,1.59,3152.0,33993.0,1.67,11.29,4.25,56.04,7.12,-0.1827768014059754,202512
079160,CJ CGV,917300000000.0,5370.0,nan,1.21,-500.0,4577.0,nan,-14.81,-22.79,533.92,4.23,0.2674571805006587,202512
003470,유안타증권,916200000000.0,4750.0,6.54,0.51,727.0,9362.0,4.63,nan,5.4,950.93,2.87,0.048523206751054815,202512
005090,SGC에너지,904900000000.0,62600.0,nan,1.3,-3306.0,48221.0,2.07,55.09,-8.42,339.16,3.89,-0.4947257383966245,202512
006120,SK디스커버리,875900000000.0,49350.0,5.42,0.25,9280.0,198843.0,3.98,nan,4.49,137.91,3.55,1.0938586326767092,202512
071320,지역난방공사,866100000000.0,74600.0,2.45,0.35,30546.0,212125.0,8.23,2.66,14.84,257.56,13.25,0.6151265629765172,202512
100090,SK오션플랜트,864100000000.0,13920.0,17.69,1.03,782.0,13416.0,nan,23.52,4.96,40.97,6.16,0.42344497607655507,202512
005180,빙그레,861100000000.0,90600.0,10.1,1.05,9194.0,88768.0,3.55,nan,7.58,43.7,5.93,-0.3267326732673267,202512
499790,GS피앤엘,857700000000.0,42400.0,26.53,0.98,1630.0,44022.0,0.81,14.26,2.29,95.34,16.2,nan,202512
441800,TIME Korea플러스배당액티브,nan,28855.0,nan,nan,nan,nan,nan,nan,,,,,
298050,HS효성첨단소재,801000000000.0,171400.0,21.59,0.89,8283.0,201086.0,1.4,9.99,-2.34,372.28,4.79,-0.2835685025034137,202512
003850,보령,778100000000.0,8900.0,6.45,0.85,1406.0,10645.0,1.76,nan,7.89,64.15,6.4,-0.07659574468085106,202512
137310,에스디바이오센서,760700000000.0,6040.0,nan,0.31,-6006.0,20062.0,3.18,nan,-19.5,38.76,-11.39,nan,202512
214320,이노션,760400000000.0,18670.0,5.95,0.67,3196.0,28553.0,6.18,6.4,8.88,154.42,7.59,0.04560051380860619,202512
000670,영풍,758500000000.0,40250.0,7.39,0.19,5576.0,217111.0,0.01,nan,-0.23,49.37,-8.93,nan,202512
036530,SNT홀딩스,752400000000.0,46300.0,7.56,0.48,6104.0,95578.0,6.5,nan,9.94,36.31,13.45,0.30060553633218,202512
456040,OCI,734100000000.0,80100.0,84.89,0.62,966.0,133258.0,nan,6.4,-5.37,95.38,0.02,-0.9963800904977376,202512
005880,대한해운,697100000000.0,2115.0,3.93,0.29,549.0,7517.0,nan,3.77,8.63,70.18,16.22,-0.3694461351186853,202512
003160,디아이,689100000000.0,25050.0,23.62,3.15,1031.0,7730.0,1.03,nan,3.21,101.07,8.45,10.774193548387096,202512
064960,SNT모티브,686100000000.0,25700.0,8.28,0.6,3122.0,43296.0,6.58,7.35,6.97,25.5,10.19,0.04587155963302747,202512
093050,LF,681300000000.0,22900.0,6.01,0.37,3880.0,63558.0,3.0,nan,6.18,63.89,8.93,0.3330689928628072,202512
317450,명인제약,677400000000.0,45700.0,7.22,0.83,6431.0,55915.0,3.23,nan,12.28,5.95,32.2,-0.003232758620689613,202512
005690,파미셀,673200000000.0,10860.0,14.48,4.7,775.0,2389.0,0.45,nan,38.31,26.88,30.08,6.297872340425532,202512
100840,SNT에너지,672100000000.0,32400.0,6.12,1.6,5307.0,20267.0,3.54,nan,25.15,61.71,18.37,4.013513513513513,202512
017940,E1,670200000000.0,97300.0,3.86,0.26,25309.0,372736.0,4.66,nan,5.29,509.97,3.12,0.45076096687555944,202512
069260,TKG휴켐스,670000000000.0,16170.0,10.39,0.67,1577.0,24489.0,6.1,8.83,6.77,28.61,5.82,-0.18811881188118806,202512
268280,미원에스씨,670000000000.0,130300.0,7.66,1.31,17499.0,102398.0,2.39,nan,14.34,22.46,12.31,0.11394557823129259,202512
000400,롯데손해보험,664100000000.0,2080.0,32.92,0.94,65.0,2280.0,nan,nan,7.29,2248.85,2.01,1.080385852090032,202512
094800,맵스리얼티,662800000000.0,7180.0,nan,nan,nan,nan,3.85,nan,,,,,
002960,한국쉘석유,651300000000.0,498000.0,12.71,5.3,39410.0,94588.0,7.19,nan,36.04,42.68,15.3,0.14782608695652177,202512
014820,동원시스템즈,650900000000.0,21600.0,10.38,0.72,2163.0,31052.0,2.67,nan,6.33,77.44,4.82,-0.279651795429815,202512
000640,동아쏘시오홀딩스,646300000000.0,92200.0,7.58,0.54,12662.0,177154.0,1.72,8.65,8.32,80.57,6.84,0.1912302070645555,202512
001060,JW중외제약,638000000000.0,27000.0,6.74,1.61,4067.0,16969.0,2.37,nan,17.6,63.87,12.18,0.1454545454545455,202512
248070,솔루엠,636000000000.0,13130.0,66.83,1.27,199.0,10441.0,0.56,nan,2.74,126.83,2.73,-0.3270622286541245,202512
033240,자화전자,635200000000.0,30000.0,5.69,1.18,5167.0,24931.0,nan,nan,11.15,74.93,4.95,-0.06666666666666665,202512
002350,넥센타이어,634800000000.0,6420.0,4.39,0.31,1480.0,20899.0,3.08,5.2,7.71,129.23,5.34,-0.01045903544450899,202512
002990,금호건설,634200000000.0,15150.0,8.21,2.2,2074.0,7728.0,1.18,nan,26.79,520.23,2.33,nan,202512
001570,금양,633300000000.0,9900.0,nan,1.41,-983.0,6997.0,nan,nan,-13.87,165.33,-43.45,nan,202512
001680,대상,630600000000.0,17490.0,nan,0.59,-8325.0,30646.0,4.67,nan,-24.41,217.17,3.85,-0.042962125494629744,202512
002840,미원상사,624600000000.0,135800.0,12.48,1.45,11119.0,95615.0,1.73,nan,10.66,18.38,9.88,-0.27212020033388984,202512
383800,LX홀딩스,623200000000.0,8160.0,5.49,0.3,1487.0,27249.0,3.55,nan,7.01,17.89,70.08,-0.1448717948717949,202512
006650,대한유화,622700000000.0,89500.0,8.45,0.32,11337.0,303771.0,1.36,7.06,1.74,29.73,1.57,nan,202512
006380,카프로,618500000000.0,0.0,nan,9.27,-130.0,395.0,nan,nan,-39.23,214.71,-85.72,nan,202512
453340,현대그린푸드,612700000000.0,18280.0,5.9,0.78,3198.0,24341.0,3.58,5.53,12.46,41.13,4.58,0.10444674250258523,202512
075580,세진중공업,606000000000.0,10710.0,9.46,2.47,1127.0,4322.0,2.11,nan,24.35,112.95,18.22,1.0388888888888888,202512
108320,LX세미콘,605000000000.0,37800.0,10.42,0.53,3570.0,69594.0,4.03,nan,7.49,24.36,6.64,-0.348294434470377,202512
079900,전진건설로봇,603400000000.0,40100.0,17.21,3.68,2402.0,11233.0,3.36,nan,20.58,47.0,15.06,-0.08306709265175716,202512
001510,SK증권,595600000000.0,2615.0,12.44,0.87,207.0,2968.0,nan,nan,5.0,1034.52,0.55,nan,202512
114090,GKL,594400000000.0,9270.0,12.61,1.31,762.0,7311.0,4.31,10.05,11.01,47.53,12.45,0.3733681462140992,202512
003300,한일홀딩스,590700000000.0,18890.0,10.82,0.35,1771.0,54841.0,5.22,nan,1.91,59.01,6.38,-0.5588972431077694,202512
001530,DI동일,581100000000.0,25350.0,91.37,1.1,307.0,25410.0,0.34,nan,-1.8,96.89,-0.26,-1.1923076923076923,202512
090460,비에이치,576500000000.0,17190.0,7.05,0.69,2424.0,24623.0,1.46,6.83,4.24,73.3,3.01,-0.3800229621125144,202512
001270,부국증권,575500000000.0,55500.0,18.48,0.6,3004.0,92011.0,4.32,nan,5.69,117.45,5.88,0.547683923705722,202512
058650,세아홀딩스,571400000000.0,133400.0,5.35,0.23,25184.0,591555.0,3.19,nan,2.93,100.43,2.65,0.7691532258064515,202512
178920,PI첨단소재,568500000000.0,19070.0,13.92,1.52,1391.0,12701.0,1.81,nan,8.8,30.86,16.34,0.2721893491124261,202512
007700,F&F홀딩스,566800000000.0,14000.0,3.44,0.24,4209.0,60894.0,3.45,nan,5.56,19.24,22.45,0.04274735830931786,202512
025540,한국단자,563400000000.0,55800.0,4.63,0.47,12040.0,118977.0,5.75,nan,9.47,34.11,9.65,-0.18680677174547577,202512
016380,KG스틸,562100000000.0,5600.0,3.03,0.25,1856.0,22176.0,5.34,3.16,6.73,50.85,4.72,-0.2684466019417475,202512
005810,풍산홀딩스,557900000000.0,38550.0,5.37,0.43,7211.0,89708.0,4.13,nan,6.57,15.48,15.44,-0.36259541984732824,202512
336370,솔루스첨단소재,551200000000.0,7810.0,17.37,0.95,452.0,8227.0,0.13,nan,-9.15,128.47,-11.9,nan,202512
003620,KG모빌리티,544400000000.0,2685.0,5.82,0.36,462.0,7541.0,nan,nan,3.21,126.95,0.84,24.857142857142858,202512
284740,쿠쿠홈시스,539600000000.0,22850.0,3.92,0.47,6138.0,50963.0,4.99,nan,11.7,24.78,15.1,-0.003529411764705892,202512
019170,신풍제약,528900000000.0,8840.0,nan,1.95,-15.0,5162.0,nan,nan,3.35,30.19,6.07,nan,202512
460860,동국제강,514900000000.0,10840.0,35.67,0.27,291.0,38189.0,3.85,12.46,0.46,119.4,1.85,-0.4204878048780488,202512
039130,하나투어,509600000000.0,32200.0,12.96,3.38,2538.0,9725.0,3.65,9.53,19.79,293.44,9.82,0.13163064833005889,202512
009410,태영건설,503800000000.0,1640.0,3.01,0.86,563.0,1963.0,nan,nan,11.28,541.95,2.43,1.563106796116505,202512
008060,대덕,502800000000.0,16500.0,14.52,0.82,1107.0,19536.0,7.19,nan,0.59,26.8,0.82,0.34523809523809534,202512
001500,현대차증권,497100000000.0,8020.0,7.76,0.31,1036.0,26246.0,4.6,nan,4.21,758.88,3.97,0.32175502742230355,202512
034310,NICE,496200000000.0,13380.0,24.19,0.64,558.0,21054.0,4.15,nan,4.98,162.04,6.11,0.13654618473895574,202512
161000,애경케미칼,496200000000.0,10640.0,24.88,0.67,410.0,15128.0,1.37,nan,-0.41,94.63,-0.7,-1.6580645161290324,202512
010780,아이에스동서,493300000000.0,16200.0,6.02,0.35,2715.0,46893.0,3.06,3.15,-4.13,143.29,5.52,-0.5987035945786683,202512
377740,바이오노트,489100000000.0,4750.0,nan,0.31,-1232.0,15366.0,4.75,nan,-5.56,2.95,14.12,0.3688524590163935,202512
004690,삼천리,480200000000.0,130900.0,3.9,0.25,33965.0,527302.0,2.27,nan,6.84,136.9,3.03,0.39632545931758534,202512
005250,녹십자홀딩스,476900000000.0,10010.0,nan,0.53,-2465.0,19110.0,2.96,nan,-7.34,130.71,1.48,nan,202512
145990,삼양사,473900000000.0,45050.0,nan,0.28,-29341.0,163925.0,3.81,nan,-18.8,103.1,4.36,-0.16329588014981278,202512
002240,고려제강,473900000000.0,17070.0,9.75,0.25,1800.0,71239.0,1.99,nan,0.53,35.6,2.25,0.5593869731800767,202512
000070,삼양홀딩스,472800000000.0,59600.0,nan,0.23,-24252.0,267886.0,5.75,nan,-10.17,98.76,3.25,0.007407407407407307,202512
249420,일동제약,469500000000.0,14360.0,10.7,1.81,1387.0,8187.0,1.35,nan,13.59,139.25,3.44,0.4885496183206106,202512
029460,케이씨,451300000000.0,38650.0,9.56,0.45,4285.0,90070.0,1.05,nan,5.45,19.03,5.83,0.6607142857142858,202512
014830,유니드,450000000000.0,63300.0,5.17,0.36,12871.0,182854.0,3.01,4.74,6.23,40.84,6.57,-0.07861635220125784,202512
002030,아세아,441600000000.0,207000.0,15.95,0.29,13450.0,739529.0,2.61,nan,2.65,63.04,5.89,-0.3561484918793504,202512
072710,농심홀딩스,441100000000.0,94200.0,3.34,0.32,28466.0,301159.0,3.16,nan,9.03,39.05,9.45,-0.06351039260969982,202512
092230,KPX홀딩스,440600000000.0,101700.0,1.46,0.3,71567.0,341974.0,5.03,nan,7.5,32.58,3.69,-0.15851272015655582,202512
317400,자이에스앤디,436300000000.0,11030.0,12.28,0.94,916.0,12028.0,1.33,nan,6.42,70.96,0.9,4.208333333333333,202512
017900,광전자,435200000000.0,7880.0,39.11,1.54,192.0,4871.0,0.67,nan,1.77,7.12,0.91,-0.19999999999999996,202512
004700,조광피혁,433500000000.0,64000.0,43.47,0.38,1500.0,172291.0,nan,nan,2.06,14.56,8.98,0.22222222222222232,202512
005420,코스모화학,433200000000.0,11260.0,nan,1.85,-505.0,6113.0,nan,nan,-13.52,99.95,-2.41,nan,202512
451060,1Q 200액티브,nan,34970.0,nan,nan,nan,nan,nan,nan,,,,,
003030,세아제강지주,428200000000.0,99700.0,nan,0.2,-28326.0,514187.0,1.74,nan,3.11,121.24,5.47,-0.027410207939508546,202512
403550,쏘카,427200000000.0,11130.0,nan,1.91,-461.0,5906.0,0.82,nan,-10.56,256.7,4.94,nan,202512
001200,유진투자증권,425700000000.0,4340.0,3.83,0.35,1148.0,12714.0,4.1,nan,5.91,875.66,4.98,0.4476843910806174,202512
016590,신대양제지,419100000000.0,10050.0,12.81,0.5,812.0,20891.0,2.16,nan,3.83,27.98,3.48,-0.24232081911262804,202512
016610,DB증권,418900000000.0,9750.0,4.65,0.36,2121.0,27106.0,5.57,nan,7.66,1028.92,6.07,0.8852988691437802,202512
130660,한전산업,417300000000.0,13070.0,85.91,3.88,149.0,3299.0,2.95,nan,3.71,98.45,1.67,-0.5900621118012422,202512
009900,명신산업,417100000000.0,7990.0,4.69,0.49,1696.0,16175.0,1.26,nan,9.4,84.78,6.34,-0.30722484807562456,202512
008730,율촌화학,416600000000.0,16070.0,83.17,1.42,202.0,11826.0,1.49,nan,1.43,135.29,1.75,nan,202512
484870,엠앤씨솔루션,414900000000.0,15060.0,9.68,2.21,1561.0,6843.0,5.5,nan,25.32,106.95,13.9,0.6120689655172413,202512
003000,부광약품,414400000000.0,4170.0,45.65,1.24,92.0,3387.0,2.98,nan,4.3,39.7,7.06,7.875,202512
003280,흥아해운,413500000000.0,1699.0,17.55,1.49,98.0,1155.0,nan,nan,12.66,74.22,6.24,-0.5890909090909091,202512
002810,삼영무역,410900000000.0,22450.0,6.12,0.62,3633.0,35853.0,4.49,nan,10.05,15.64,2.86,-0.30434782608695654,202512
192650,드림텍,405200000000.0,5880.0,nan,1.11,-139.0,5526.0,3.68,nan,0.02,78.27,2.55,0.3305084745762712,202512
344820,KCC글라스,404100000000.0,25050.0,nan,0.3,-3505.0,84341.0,6.32,nan,-5.83,67.75,-3.96,-2.3146853146853146,202512
271940,일진하이솔루스,403100000000.0,10750.0,nan,1.28,-4.0,8702.0,nan,nan,-0.63,10.43,-13.73,nan,202512
001940,KISCO홀딩스,401200000000.0,27950.0,nan,0.3,-1544.0,93770.0,6.54,nan,-1.57,10.9,-8.57,nan,202512
029530,신도리코,399300000000.0,41200.0,10.54,0.32,3901.0,129860.0,2.43,nan,1.88,7.6,1.97,-0.693069306930693,202512
385720,TIME 코스피액티브,nan,25730.0,nan,nan,nan,nan,nan,nan,,,,,
183190,아세아시멘트,397600000000.0,10550.0,34.64,0.36,319.0,30561.0,2.26,11.08,1.55,97.79,7.54,-0.4524147727272727,202512
194370,제이에스코퍼레이션,397200000000.0,13370.0,4.87,0.71,2810.0,19401.0,4.38,nan,15.29,242.94,10.91,0.15828524319868098,202512
306200,세아제강,395100000000.0,138900.0,7.05,0.34,19745.0,410397.0,3.95,4.78,2.69,62.94,3.34,-0.7555446032528339,202512
452260,한화갤러리아,394500000000.0,2030.0,15.3,0.47,133.0,4315.0,nan,nan,0.41,144.61,1.64,1.7647058823529411,202512
426020,TIME 미국S&P500액티브,nan,31900.0,nan,nan,nan,nan,nan,nan,,,,,
496020,WON 전단채플러스액티브,nan,52440.0,nan,nan,nan,nan,nan,nan,,,,,
462900,KoAct 바이오헬스케어액티브,nan,14745.0,nan,nan,nan,nan,nan,nan,,,,,
950210,프레스티지바이오파마,386400000000.0,6250.0,nan,0.82,-954.0,7876.0,nan,nan,5.25,46.69,-470.14,nan,202506
015360,INVENI,381800000000.0,14050.0,4.88,0.45,2869.0,31191.0,7.71,nan,15.46,141.35,8.42,3.5967078189300414,202512
027410,BGF,380500000000.0,3910.0,5.74,0.21,693.0,18843.0,3.27,nan,3.35,18.55,13.03,0.10869565217391308,202512
031430,신세계인터내셔날,374700000000.0,10460.0,18.25,0.44,587.0,24379.0,3.74,6.95,0.51,70.52,-1.04,-2.5972222222222223,202512
006220,제주은행,373800000000.0,9870.0,24.3,0.58,407.0,16987.0,1.01,nan,2.25,1139.04,2.71,-0.13157894736842102,202512
017810,풀무원,373600000000.0,9550.0,8.54,1.07,1148.0,9155.0,1.04,7.9,5.9,280.13,2.76,0.015250544662309462,202512
170900,동아에스티,372100000000.0,37500.0,43.07,0.57,888.0,67126.0,1.74,9.53,-4.35,110.24,0.08,nan,202512
104700,한국철강,368900000000.0,9860.0,nan,0.43,-425.0,23544.0,7.41,nan,-1.13,12.45,-7.95,-22.5,202512
060980,HL홀딩스,367700000000.0,39700.0,6.78,0.32,5974.0,125998.0,4.94,nan,1.95,116.74,6.64,-0.01880530973451322,202512
089590,제주항공,367300000000.0,4430.0,nan,1.53,-1318.0,2971.0,nan,-8.64,-38.85,754.43,-7.07,-2.397997496871089,202512
007690,국도화학,362600000000.0,37600.0,6.86,0.37,5703.0,106407.0,3.32,nan,2.56,99.64,3.81,1.1027667984189722,202512
126560,현대퓨처넷,361500000000.0,3270.0,39.88,0.5,83.0,6629.0,4.53,nan,1.03,7.1,2.38,-0.08695652173913049,202512
024720,콜마홀딩스,361100000000.0,10030.0,7.72,0.54,1364.0,19466.0,2.56,nan,3.85,60.41,7.58,0.25196850393700787,202512
004710,한솔테크닉스,359600000000.0,6910.0,nan,0.85,-336.0,7999.0,1.32,nan,-4.1,102.16,1.63,-0.3892215568862275,202512
105630,한세실업,357200000000.0,8870.0,10.12,0.48,882.0,18707.0,6.72,6.49,7.93,109.01,4.3,-0.4135021097046413,202512
005610,삼립,353400000000.0,39700.0,nan,0.71,-1082.0,57436.0,2.44,nan,2.92,158.51,1.15,-0.5926315789473684,202512
097520,엠씨넥스,350600000000.0,20000.0,10.51,0.82,1918.0,24617.0,4.96,nan,13.61,44.32,4.07,0.1711711711711712,202512
009160,SIMPAC,347800000000.0,5100.0,14.99,0.43,355.0,12250.0,5.64,nan,3.79,98.98,3.9,1.3469387755102042,202512
020000,한섬,343600000000.0,15590.0,6.35,0.24,2518.0,67573.0,4.69,4.69,3.25,20.72,3.5,-0.17795275590551185,202512
011930,신성이엔지,343400000000.0,16870.0,nan,1.57,-226.0,10759.0,nan,nan,-2.97,157.46,0.23,-0.74,202512
011760,현대코퍼레이션,342000000000.0,25650.0,3.46,0.41,7470.0,63464.0,2.71,3.17,12.91,234.59,1.85,0.04943820224719109,202512
015860,일진홀딩스,339000000000.0,6980.0,nan,0.49,-472.0,13918.0,2.91,nan,7.12,103.38,6.38,1.0082758620689654,202512
002310,아세아제지,337700000000.0,8350.0,12.83,0.37,667.0,23258.0,2.92,nan,3.52,22.38,3.18,0.022556390977443552,202512
474590,WON 반도체밸류체인액티브,nan,43535.0,nan,nan,nan,nan,nan,nan,,,,,
002020,코오롱,335000000000.0,25850.0,nan,0.18,-5101.0,144506.0,2.12,nan,-8.92,207.31,1.03,nan,202512
092790,넥스틸,331000000000.0,12590.0,34.88,0.7,365.0,18060.0,9.07,nan,7.76,50.71,7.25,-0.36867088607594933,202512
078520,에이블씨엔씨,329600000000.0,11490.0,13.85,3.89,915.0,3253.0,3.45,nan,15.88,89.12,7.42,-0.01098901098901095,202512
145720,덴티움,329400000000.0,37100.0,13.0,0.53,2938.0,72124.0,1.57,5.76,2.94,66.21,18.5,-0.349238578680203,202512
200880,서연이화,328900000000.0,12140.0,2.58,0.25,4714.0,48064.0,2.05,nan,5.28,159.97,3.59,0.04792746113989632,202512
026890,스틱인베스트먼트,328400000000.0,8400.0,15.23,1.18,556.0,7161.0,nan,nan,5.99,20.26,18.84,0.28358208955223874,202512
005720,넥센,327300000000.0,6100.0,3.04,0.22,2046.0,28439.0,2.81,nan,6.86,113.35,5.69,-0.026227944682880255,202512
003350,한국화장품제조,327200000000.0,13420.0,10.22,2.15,1413.0,6726.0,0.42,nan,30.6,89.84,17.81,0.2415094339622641,202512
009290,광동제약,326200000000.0,6330.0,15.38,0.51,426.0,12861.0,1.53,nan,3.4,85.49,1.87,0.029900332225913706,202512
016800,퍼시스,322600000000.0,27750.0,5.35,0.4,5239.0,70557.0,3.57,nan,6.07,12.13,1.6,-0.7348837209302326,202512
091810,트리니티항공,319600000000.0,626.0,nan,2.85,-1332.0,220.0,nan,nan,-503.7,3498.63,-14.76,nan,202512
025860,남해화학,319400000000.0,6060.0,27.13,0.56,237.0,11536.0,1.4,nan,5.41,49.21,2.69,0.18732782369145995,202512
123890,한국자산신탁,319400000000.0,2560.0,6.74,0.3,387.0,8803.0,5.75,nan,4.64,60.45,16.75,-0.33976833976833976,202512
005950,이수화학,318700000000.0,11880.0,3.75,1.69,3233.0,7173.0,nan,nan,-30.98,305.01,0.41,nan,202512
001230,동국홀딩스,318000000000.0,2030.0,2.84,0.16,720.0,12840.0,nan,nan,0.94,37.72,1.99,-0.31896551724137934,202512
108670,LX하우시스,317500000000.0,34900.0,nan,0.4,-1098.0,87557.0,nan,4.05,-5.15,160.12,0.41,-0.8656410256410256,202512
018250,애경산업,314500000000.0,11510.0,18.18,0.73,655.0,16390.0,1.68,nan,3.8,24.74,3.23,-0.5491452991452992,202512
381970,케이카,312900000000.0,6210.0,41.35,1.72,155.0,3722.0,18.72,nan,22.63,138.71,3.12,0.11600587371512483,202512
126720,수산인더스트리,311400000000.0,21700.0,4.13,0.53,5279.0,41293.0,4.13,nan,9.17,21.53,12.76,-0.00919540229885063,202512
272450,진에어,308500000000.0,5900.0,nan,1.71,-1640.0,3460.0,nan,-9.8,-4.28,423.17,-1.39,-1.1177191906805641,202512
096760,JW홀딩스,306000000000.0,4075.0,3.62,0.99,1143.0,4191.0,5.19,nan,23.57,107.05,17.32,0.14607508532423208,202512
244920,에이플러스에셋,302300000000.0,13120.0,9.86,1.65,1356.0,8120.0,2.24,nan,13.82,97.3,4.29,-0.07278481012658233,202512
001390,KG케미칼,299100000000.0,4400.0,3.3,0.28,1367.0,15858.0,3.33,nan,7.14,111.91,3.36,-0.04109159347553326,202512
001750,한양증권,299000000000.0,19670.0,4.85,0.4,4084.0,49069.0,8.09,nan,10.32,215.17,8.29,0.3841911764705883,202512
002710,TCC스틸,298800000000.0,11520.0,nan,1.21,-662.0,9411.0,0.61,nan,-2.98,130.67,-1.78,-1.886178861788618,202512
012030,DB,298500000000.0,1473.0,4.39,0.56,338.0,2644.0,nan,nan,11.67,119.77,6.46,0.4054054054054055,202512
034830,한국토지신탁,295400000000.0,1172.0,13.15,0.25,89.0,4767.0,5.98,nan,2.1,91.8,-11.33,-1.616519174041298,202512
084690,대상홀딩스,290800000000.0,8030.0,nan,0.46,-2141.0,17536.0,3.74,nan,-15.42,236.26,3.55,0.08586956521739131,202512
058430,포스코스틸리온,290400000000.0,4760.0,16.46,0.74,294.0,6529.0,2.24,nan,4.45,30.99,2.17,-0.5279383429672446,202512
