dt,open,high,low,close,volume
2023-07-18 00:00:00+09:00,18860.0,19410.0,18840.0,18870.0,9603.0
2023-07-19 00:00:00+09:00,19220.0,19220.0,18710.0,18890.0,2315.0
2023-07-20 00:00:00+09:00,18820.0,18910.0,18790.0,18890.0,1463.0
2023-07-21 00:00:00+09:00,18900.0,18940.0,18650.0,18730.0,2139.0
2023-07-24 00:00:00+09:00,18730.0,18770.0,18630.0,18720.0,3455.0
2023-07-25 00:00:00+09:00,18510.0,18720.0,18510.0,18530.0,3503.0
2023-07-26 00:00:00+09:00,18530.0,18610.0,17650.0,17940.0,18891.0
2023-07-27 00:00:00+09:00,18070.0,18070.0,17830.0,18070.0,4393.0
2023-07-28 00:00:00+09:00,17950.0,18100.0,17900.0,18100.0,1006.0
2023-07-31 00:00:00+09:00,17950.0,18140.0,17950.0,18100.0,2200.0
2023-08-01 00:00:00+09:00,18100.0,18400.0,18100.0,18190.0,3494.0
2023-08-02 00:00:00+09:00,18230.0,18290.0,18060.0,18180.0,1695.0
2023-08-03 00:00:00+09:00,18030.0,18180.0,17990.0,18140.0,1512.0
2023-08-04 00:00:00+09:00,18140.0,18480.0,18140.0,18190.0,457.0
2023-08-07 00:00:00+09:00,18270.0,21950.0,18190.0,18980.0,53071.0
2023-08-08 00:00:00+09:00,18980.0,19190.0,18680.0,18680.0,9572.0
2023-08-09 00:00:00+09:00,18700.0,18890.0,18560.0,18790.0,2785.0
2023-08-10 00:00:00+09:00,18790.0,19200.0,18790.0,18960.0,3880.0
2023-08-11 00:00:00+09:00,18950.0,19970.0,18660.0,19320.0,15964.0
2023-08-14 00:00:00+09:00,19400.0,19600.0,19270.0,19350.0,10234.0
2023-08-16 00:00:00+09:00,19200.0,19200.0,17930.0,18800.0,12432.0
2023-08-17 00:00:00+09:00,19180.0,19180.0,18650.0,18970.0,5055.0
2023-08-18 00:00:00+09:00,18970.0,19000.0,18700.0,18990.0,3533.0
2023-08-21 00:00:00+09:00,18900.0,19480.0,18450.0,19080.0,8674.0
2023-08-22 00:00:00+09:00,19250.0,19320.0,19020.0,19200.0,4118.0
2023-08-23 00:00:00+09:00,19200.0,19450.0,19190.0,19430.0,4504.0
2023-08-24 00:00:00+09:00,19450.0,19580.0,19300.0,19300.0,3214.0
2023-08-25 00:00:00+09:00,19400.0,19460.0,19220.0,19220.0,2683.0
2023-08-28 00:00:00+09:00,19500.0,19600.0,19200.0,19270.0,3843.0
2023-08-29 00:00:00+09:00,19350.0,19450.0,19270.0,19350.0,2954.0
2023-08-30 00:00:00+09:00,19490.0,19490.0,19090.0,19210.0,1280.0
2023-08-31 00:00:00+09:00,19210.0,19280.0,19130.0,19210.0,2036.0
2023-09-01 00:00:00+09:00,19500.0,19500.0,18920.0,19060.0,2981.0
2023-09-04 00:00:00+09:00,19070.0,19350.0,18700.0,19040.0,1965.0
2023-09-05 00:00:00+09:00,19040.0,19040.0,18690.0,18830.0,4072.0
2023-09-06 00:00:00+09:00,18830.0,19020.0,18790.0,18980.0,3308.0
2023-09-07 00:00:00+09:00,18980.0,18990.0,18860.0,18940.0,1007.0
2023-09-08 00:00:00+09:00,18930.0,19000.0,18860.0,18960.0,3175.0
2023-09-11 00:00:00+09:00,19100.0,19100.0,18850.0,19010.0,5293.0
2023-09-12 00:00:00+09:00,19120.0,19120.0,18950.0,19000.0,2403.0
2023-09-13 00:00:00+09:00,19000.0,19030.0,18790.0,18860.0,3123.0
2023-09-14 00:00:00+09:00,18870.0,19000.0,18860.0,18980.0,3235.0
2023-09-15 00:00:00+09:00,18980.0,19000.0,18900.0,18990.0,10378.0
2023-09-18 00:00:00+09:00,19090.0,19090.0,18960.0,19000.0,2501.0
2023-09-19 00:00:00+09:00,18930.0,19100.0,18890.0,19030.0,3569.0
2023-09-20 00:00:00+09:00,19050.0,19080.0,18970.0,19080.0,4326.0
2023-09-21 00:00:00+09:00,19080.0,19080.0,18850.0,19020.0,6842.0
2023-09-22 00:00:00+09:00,19010.0,19090.0,18860.0,19040.0,4775.0
2023-09-25 00:00:00+09:00,19060.0,19120.0,19030.0,19050.0,6226.0
2023-09-26 00:00:00+09:00,19060.0,19080.0,19010.0,19010.0,5991.0
2023-09-27 00:00:00+09:00,19000.0,19500.0,19000.0,19100.0,14880.0
2023-10-04 00:00:00+09:00,19150.0,19160.0,18950.0,19020.0,10428.0
2023-10-05 00:00:00+09:00,18960.0,19300.0,18960.0,19160.0,6107.0
2023-10-06 00:00:00+09:00,19250.0,19330.0,19160.0,19330.0,4834.0
2023-10-10 00:00:00+09:00,19400.0,19450.0,19250.0,19310.0,4287.0
2023-10-11 00:00:00+09:00,19310.0,19370.0,19020.0,19250.0,7653.0
2023-10-12 00:00:00+09:00,19380.0,19380.0,19250.0,19340.0,2495.0
2023-10-13 00:00:00+09:00,19400.0,19400.0,19320.0,19350.0,1676.0
2023-10-16 00:00:00+09:00,19350.0,19400.0,19170.0,19300.0,5650.0
2023-10-17 00:00:00+09:00,19310.0,19410.0,19300.0,19320.0,984.0
2023-10-18 00:00:00+09:00,19320.0,19350.0,19220.0,19270.0,1117.0
2023-10-19 00:00:00+09:00,18880.0,19130.0,18860.0,18950.0,7160.0
2023-10-20 00:00:00+09:00,18920.0,18940.0,18780.0,18830.0,2746.0
2023-10-23 00:00:00+09:00,18850.0,18950.0,18650.0,18730.0,3879.0
2023-10-24 00:00:00+09:00,18730.0,18770.0,18550.0,18730.0,5050.0
2023-10-25 00:00:00+09:00,18730.0,18900.0,18730.0,18900.0,2908.0
2023-10-26 00:00:00+09:00,18900.0,18950.0,18800.0,18910.0,2351.0
2023-10-27 00:00:00+09:00,18880.0,19020.0,18740.0,18760.0,3996.0
2023-10-30 00:00:00+09:00,18760.0,18990.0,18750.0,18980.0,2460.0
2023-10-31 00:00:00+09:00,18990.0,19000.0,18850.0,18850.0,1446.0
2023-11-01 00:00:00+09:00,18840.0,19020.0,18840.0,18840.0,2678.0
2023-11-02 00:00:00+09:00,19100.0,19100.0,18820.0,18870.0,4039.0
2023-11-03 00:00:00+09:00,18940.0,19050.0,18840.0,18890.0,3422.0
2023-11-06 00:00:00+09:00,18900.0,18910.0,18770.0,18780.0,8457.0
2023-11-07 00:00:00+09:00,18780.0,18810.0,18610.0,18690.0,8346.0
2023-11-08 00:00:00+09:00,18920.0,18920.0,18650.0,18790.0,6355.0
2023-11-09 00:00:00+09:00,18790.0,18850.0,18720.0,18840.0,1235.0
2023-11-10 00:00:00+09:00,18840.0,18840.0,18720.0,18740.0,1821.0
2023-11-13 00:00:00+09:00,18740.0,18940.0,18650.0,18780.0,3377.0
2023-11-14 00:00:00+09:00,18790.0,18990.0,18730.0,18780.0,5057.0
2023-11-15 00:00:00+09:00,18970.0,18980.0,18810.0,18950.0,5797.0
2023-11-16 00:00:00+09:00,18950.0,19040.0,18890.0,19000.0,3462.0
2023-11-17 00:00:00+09:00,19050.0,19050.0,18830.0,19030.0,1869.0
2023-11-20 00:00:00+09:00,19030.0,19060.0,18970.0,19060.0,2770.0
2023-11-21 00:00:00+09:00,19100.0,19100.0,18990.0,19040.0,2611.0
2023-11-22 00:00:00+09:00,19050.0,19050.0,19000.0,19040.0,4876.0
2023-11-23 00:00:00+09:00,19040.0,19040.0,18980.0,18990.0,3097.0
2023-11-24 00:00:00+09:00,18990.0,19100.0,18970.0,19040.0,1724.0
2023-11-27 00:00:00+09:00,19050.0,19050.0,19010.0,19040.0,1946.0
2023-11-28 00:00:00+09:00,18960.0,19040.0,18960.0,19000.0,3394.0
2023-11-29 00:00:00+09:00,19060.0,19060.0,18850.0,19000.0,3008.0
2023-11-30 00:00:00+09:00,19000.0,19050.0,18960.0,19000.0,1991.0
2023-12-01 00:00:00+09:00,19060.0,19070.0,18960.0,19000.0,1743.0
2023-12-04 00:00:00+09:00,18920.0,19050.0,18920.0,19000.0,3091.0
2023-12-05 00:00:00+09:00,19130.0,19460.0,19130.0,19400.0,19432.0
2023-12-06 00:00:00+09:00,19400.0,19570.0,19400.0,19550.0,8969.0
2023-12-07 00:00:00+09:00,19600.0,19600.0,19460.0,19550.0,6131.0
2023-12-08 00:00:00+09:00,19560.0,19630.0,19560.0,19620.0,6813.0
2023-12-11 00:00:00+09:00,19680.0,19720.0,19550.0,19700.0,7936.0
2023-12-12 00:00:00+09:00,19700.0,19800.0,19690.0,19800.0,9522.0
2023-12-13 00:00:00+09:00,19800.0,19860.0,19760.0,19860.0,9367.0
2023-12-14 00:00:00+09:00,19860.0,19940.0,19810.0,19940.0,9532.0
2023-12-15 00:00:00+09:00,19940.0,20000.0,19890.0,20000.0,12942.0
2023-12-18 00:00:00+09:00,20000.0,20100.0,19910.0,19990.0,10150.0
2023-12-19 00:00:00+09:00,19990.0,20050.0,19940.0,19950.0,9463.0
2023-12-20 00:00:00+09:00,19950.0,20100.0,19950.0,20050.0,11011.0
2023-12-21 00:00:00+09:00,20000.0,20100.0,19850.0,20050.0,8561.0
2023-12-22 00:00:00+09:00,20050.0,20300.0,20000.0,20250.0,9920.0
2023-12-26 00:00:00+09:00,20250.0,20250.0,19980.0,20000.0,20537.0
2023-12-27 00:00:00+09:00,18950.0,19390.0,18850.0,19120.0,18570.0
2023-12-28 00:00:00+09:00,19120.0,19190.0,18920.0,19030.0,12754.0
2024-01-02 00:00:00+09:00,19030.0,19030.0,18850.0,18870.0,9029.0
2024-01-03 00:00:00+09:00,18870.0,18950.0,18750.0,18750.0,5915.0
2024-01-04 00:00:00+09:00,18760.0,18820.0,18720.0,18810.0,5281.0
2024-01-05 00:00:00+09:00,18770.0,18850.0,18710.0,18840.0,3085.0
2024-01-08 00:00:00+09:00,18840.0,18950.0,18690.0,18770.0,2238.0
2024-01-09 00:00:00+09:00,18700.0,18950.0,18400.0,18760.0,5357.0
2024-01-10 00:00:00+09:00,18800.0,18800.0,18660.0,18750.0,3679.0
2024-01-11 00:00:00+09:00,18780.0,19200.0,18720.0,18750.0,4756.0
2024-01-12 00:00:00+09:00,18750.0,18870.0,18720.0,18760.0,1418.0
2024-01-15 00:00:00+09:00,18950.0,18950.0,18690.0,18740.0,3365.0
2024-01-16 00:00:00+09:00,18740.0,18740.0,18450.0,18730.0,4248.0
2024-01-17 00:00:00+09:00,18760.0,18760.0,18510.0,18510.0,4244.0
2024-01-18 00:00:00+09:00,18520.0,19200.0,18440.0,18470.0,5945.0
2024-01-19 00:00:00+09:00,18700.0,18740.0,18500.0,18630.0,3352.0
2024-01-22 00:00:00+09:00,18430.0,18630.0,18430.0,18500.0,5125.0
2024-01-23 00:00:00+09:00,18500.0,18650.0,18480.0,18640.0,7510.0
2024-01-24 00:00:00+09:00,18640.0,18640.0,18500.0,18550.0,1240.0
2024-01-25 00:00:00+09:00,18550.0,18670.0,18550.0,18640.0,3196.0
2024-01-26 00:00:00+09:00,18740.0,18740.0,18610.0,18690.0,3863.0
2024-01-29 00:00:00+09:00,18700.0,18750.0,18640.0,18660.0,1711.0
2024-01-30 00:00:00+09:00,18660.0,18850.0,18660.0,18830.0,7557.0
2024-01-31 00:00:00+09:00,18830.0,18860.0,18550.0,18790.0,4534.0
2024-02-01 00:00:00+09:00,18770.0,18960.0,18690.0,18860.0,5287.0
2024-02-02 00:00:00+09:00,18860.0,19010.0,18840.0,19010.0,6968.0
2024-02-05 00:00:00+09:00,18840.0,19080.0,18840.0,19000.0,4381.0
2024-02-06 00:00:00+09:00,19100.0,19100.0,18850.0,18880.0,4777.0
2024-02-07 00:00:00+09:00,18880.0,18990.0,18710.0,18800.0,5427.0
2024-02-08 00:00:00+09:00,18790.0,18840.0,18680.0,18830.0,5811.0
2024-02-13 00:00:00+09:00,19200.0,19230.0,18830.0,18990.0,14968.0
2024-02-14 00:00:00+09:00,18990.0,18990.0,18850.0,18950.0,4674.0
2024-02-15 00:00:00+09:00,18950.0,19000.0,18860.0,18970.0,4419.0
2024-02-16 00:00:00+09:00,19020.0,19050.0,18930.0,19030.0,6921.0
2024-02-19 00:00:00+09:00,19030.0,19030.0,18950.0,18990.0,6672.0
2024-02-20 00:00:00+09:00,18990.0,19110.0,18990.0,19030.0,2390.0
2024-02-21 00:00:00+09:00,19090.0,19100.0,18970.0,19020.0,3293.0
2024-02-22 00:00:00+09:00,20150.0,20150.0,19400.0,19410.0,29942.0
2024-02-23 00:00:00+09:00,19640.0,19640.0,19000.0,19350.0,12675.0
2024-02-26 00:00:00+09:00,19600.0,19600.0,19130.0,19250.0,5589.0
2024-02-27 00:00:00+09:00,19280.0,19280.0,18990.0,19080.0,5736.0
2024-02-28 00:00:00+09:00,19080.0,19080.0,18830.0,19010.0,6259.0
2024-02-29 00:00:00+09:00,19000.0,19060.0,18910.0,19020.0,4603.0
2024-03-04 00:00:00+09:00,19020.0,19020.0,18850.0,18950.0,5365.0
2024-03-05 00:00:00+09:00,19050.0,19050.0,18700.0,18810.0,11236.0
2024-03-06 00:00:00+09:00,18810.0,19290.0,18780.0,18970.0,16224.0
2024-03-07 00:00:00+09:00,18920.0,19020.0,18800.0,18960.0,8090.0
2024-03-08 00:00:00+09:00,18830.0,19670.0,18820.0,19250.0,20852.0
2024-03-11 00:00:00+09:00,19160.0,19220.0,19030.0,19170.0,6896.0
2024-03-12 00:00:00+09:00,19390.0,19390.0,19050.0,19070.0,4548.0
2024-03-13 00:00:00+09:00,19070.0,19360.0,18990.0,19080.0,6732.0
2024-03-14 00:00:00+09:00,19070.0,19400.0,18950.0,19290.0,8535.0
2024-03-15 00:00:00+09:00,19290.0,19400.0,19200.0,19200.0,6506.0
2024-03-18 00:00:00+09:00,19100.0,19700.0,19100.0,19540.0,18042.0
2024-03-19 00:00:00+09:00,19540.0,19630.0,19320.0,19500.0,9144.0
2024-03-20 00:00:00+09:00,19480.0,19540.0,19320.0,19420.0,5654.0
2024-03-21 00:00:00+09:00,19430.0,19600.0,19350.0,19420.0,4491.0
2024-03-22 00:00:00+09:00,19540.0,19540.0,19350.0,19500.0,3233.0
2024-03-25 00:00:00+09:00,19550.0,19570.0,19400.0,19490.0,2299.0
2024-03-26 00:00:00+09:00,19490.0,19590.0,19400.0,19410.0,2295.0
2024-03-27 00:00:00+09:00,19380.0,19470.0,19290.0,19350.0,4027.0
2024-03-28 00:00:00+09:00,19400.0,19420.0,19220.0,19280.0,6434.0
2024-03-29 00:00:00+09:00,19280.0,19580.0,19190.0,19190.0,6651.0
2024-04-01 00:00:00+09:00,19190.0,19480.0,19150.0,19360.0,5730.0
2024-04-02 00:00:00+09:00,19400.0,19400.0,19120.0,19160.0,5303.0
2024-04-03 00:00:00+09:00,19300.0,19300.0,19000.0,19060.0,5640.0
2024-04-04 00:00:00+09:00,19200.0,19300.0,19000.0,19270.0,5071.0
2024-04-05 00:00:00+09:00,19280.0,19350.0,19200.0,19300.0,6527.0
2024-04-08 00:00:00+09:00,19340.0,19340.0,19260.0,19300.0,3273.0
2024-04-09 00:00:00+09:00,19320.0,19330.0,19240.0,19290.0,2201.0
2024-04-11 00:00:00+09:00,19290.0,19300.0,19150.0,19180.0,1880.0
2024-04-12 00:00:00+09:00,19300.0,19520.0,19110.0,19170.0,12605.0
2024-04-15 00:00:00+09:00,19150.0,19170.0,19000.0,19120.0,6683.0
2024-04-16 00:00:00+09:00,19120.0,19120.0,18900.0,18950.0,10476.0
2024-04-17 00:00:00+09:00,19100.0,19100.0,18900.0,19070.0,7762.0
2024-04-18 00:00:00+09:00,19110.0,19160.0,19060.0,19150.0,2188.0
2024-04-19 00:00:00+09:00,19230.0,19320.0,19050.0,19280.0,7842.0
2024-04-22 00:00:00+09:00,19280.0,19400.0,19100.0,19200.0,4457.0
2024-04-23 00:00:00+09:00,19230.0,19250.0,19000.0,19170.0,7405.0
2024-04-24 00:00:00+09:00,19170.0,19220.0,19090.0,19160.0,3724.0
2024-04-25 00:00:00+09:00,19150.0,19230.0,19050.0,19130.0,4158.0
2024-04-26 00:00:00+09:00,19200.0,19300.0,19120.0,19300.0,5252.0
2024-04-29 00:00:00+09:00,19410.0,20600.0,19110.0,19660.0,69732.0
2024-04-30 00:00:00+09:00,19660.0,19700.0,19310.0,19480.0,15056.0
2024-05-02 00:00:00+09:00,19480.0,19500.0,19330.0,19400.0,9057.0
2024-05-03 00:00:00+09:00,19500.0,19530.0,19370.0,19370.0,5852.0
2024-05-07 00:00:00+09:00,19400.0,20400.0,19380.0,20350.0,79535.0
2024-05-08 00:00:00+09:00,20500.0,22050.0,19990.0,20300.0,452397.0
2024-05-09 00:00:00+09:00,20300.0,20400.0,19820.0,19940.0,44011.0
2024-05-10 00:00:00+09:00,20200.0,20450.0,19960.0,20100.0,37705.0
2024-05-13 00:00:00+09:00,20750.0,21350.0,20400.0,20700.0,88643.0
2024-05-14 00:00:00+09:00,20850.0,20900.0,20250.0,20400.0,38719.0
2024-05-16 00:00:00+09:00,20600.0,21200.0,20250.0,20450.0,37964.0
2024-05-17 00:00:00+09:00,20600.0,20600.0,20000.0,20150.0,34041.0
2024-05-20 00:00:00+09:00,20200.0,20600.0,19980.0,20050.0,28448.0
2024-05-21 00:00:00+09:00,20050.0,20450.0,20000.0,20050.0,15577.0
2024-05-22 00:00:00+09:00,20000.0,20300.0,20000.0,20050.0,10356.0
2024-05-23 00:00:00+09:00,20100.0,20300.0,19990.0,20250.0,9229.0
2024-05-24 00:00:00+09:00,20050.0,20250.0,20000.0,20150.0,13374.0
2024-05-27 00:00:00+09:00,20150.0,20400.0,20100.0,20300.0,11600.0
2024-05-28 00:00:00+09:00,20350.0,20450.0,20150.0,20450.0,9686.0
2024-05-29 00:00:00+09:00,20500.0,20500.0,20150.0,20150.0,8904.0
2024-05-30 00:00:00+09:00,20050.0,20250.0,20000.0,20100.0,13068.0
2024-05-31 00:00:00+09:00,20050.0,20200.0,19600.0,19900.0,37510.0
2024-06-03 00:00:00+09:00,19870.0,19870.0,19660.0,19760.0,14870.0
2024-06-04 00:00:00+09:00,19970.0,19970.0,19680.0,19680.0,8331.0
2024-06-05 00:00:00+09:00,19680.0,19790.0,19660.0,19700.0,7323.0
2024-06-07 00:00:00+09:00,19900.0,19900.0,19700.0,19710.0,6121.0
2024-06-10 00:00:00+09:00,19710.0,19890.0,19650.0,19790.0,6260.0
2024-06-11 00:00:00+09:00,19710.0,19880.0,19700.0,19750.0,4374.0
2024-06-12 00:00:00+09:00,19740.0,19740.0,19680.0,19700.0,10153.0
2024-06-13 00:00:00+09:00,19800.0,19840.0,19640.0,19650.0,19464.0
2024-06-14 00:00:00+09:00,19770.0,19780.0,19460.0,19670.0,11712.0
2024-06-17 00:00:00+09:00,19670.0,19670.0,19550.0,19660.0,5554.0
2024-06-18 00:00:00+09:00,19770.0,19770.0,19640.0,19700.0,7489.0
2024-06-19 00:00:00+09:00,19770.0,19840.0,19690.0,19830.0,6195.0
2024-06-20 00:00:00+09:00,19900.0,19900.0,19690.0,19880.0,7522.0
2024-06-21 00:00:00+09:00,19890.0,19940.0,19770.0,19930.0,4639.0
2024-06-24 00:00:00+09:00,19930.0,19950.0,19810.0,19880.0,8272.0
2024-06-25 00:00:00+09:00,19920.0,20000.0,19870.0,19980.0,11654.0
2024-06-26 00:00:00+09:00,20000.0,20150.0,19930.0,19980.0,15251.0
2024-06-27 00:00:00+09:00,19710.0,19760.0,19550.0,19640.0,18033.0
2024-06-28 00:00:00+09:00,19580.0,19640.0,19550.0,19630.0,5393.0
2024-07-01 00:00:00+09:00,19680.0,19680.0,19450.0,19650.0,11263.0
2024-07-02 00:00:00+09:00,19650.0,19650.0,19500.0,19600.0,8030.0
2024-07-03 00:00:00+09:00,19600.0,19710.0,19520.0,19600.0,8890.0
2024-07-04 00:00:00+09:00,19600.0,19610.0,19510.0,19600.0,4765.0
2024-07-05 00:00:00+09:00,19650.0,19650.0,19520.0,19570.0,7643.0
2024-07-08 00:00:00+09:00,19600.0,19600.0,19470.0,19570.0,5872.0
2024-07-09 00:00:00+09:00,19570.0,19600.0,19520.0,19560.0,3361.0
2024-07-10 00:00:00+09:00,19550.0,19560.0,19500.0,19540.0,6145.0
2024-07-11 00:00:00+09:00,19570.0,19570.0,19500.0,19520.0,2873.0
2024-07-12 00:00:00+09:00,19530.0,19570.0,19490.0,19540.0,2880.0
2024-07-15 00:00:00+09:00,19650.0,19650.0,19470.0,19580.0,3189.0
2024-07-16 00:00:00+09:00,19510.0,19600.0,19510.0,19560.0,3788.0
2024-07-17 00:00:00+09:00,19560.0,19620.0,19500.0,19610.0,10051.0
2024-07-18 00:00:00+09:00,19620.0,19620.0,19490.0,19540.0,14022.0
2024-07-19 00:00:00+09:00,19580.0,19580.0,19490.0,19550.0,3646.0
2024-07-22 00:00:00+09:00,19560.0,19560.0,19470.0,19530.0,6274.0
2024-07-23 00:00:00+09:00,19560.0,19560.0,19460.0,19510.0,3625.0
2024-07-24 00:00:00+09:00,19550.0,19550.0,19470.0,19520.0,3364.0
2024-07-25 00:00:00+09:00,19480.0,19520.0,19450.0,19460.0,6195.0
2024-07-26 00:00:00+09:00,19550.0,19550.0,19470.0,19530.0,2200.0
2024-07-29 00:00:00+09:00,19570.0,19600.0,19540.0,19600.0,4518.0
2024-07-30 00:00:00+09:00,19600.0,19600.0,19500.0,19600.0,5888.0
2024-07-31 00:00:00+09:00,19590.0,19620.0,19540.0,19600.0,4159.0
2024-08-01 00:00:00+09:00,19600.0,19640.0,19570.0,19580.0,4926.0
2024-08-02 00:00:00+09:00,19580.0,19580.0,19430.0,19510.0,18931.0
2024-08-05 00:00:00+09:00,19500.0,19600.0,17710.0,18590.0,37400.0
2024-08-06 00:00:00+09:00,18590.0,19200.0,18550.0,19110.0,11915.0
2024-08-07 00:00:00+09:00,19110.0,19250.0,19090.0,19220.0,4063.0
2024-08-08 00:00:00+09:00,19240.0,19320.0,19200.0,19300.0,2538.0
2024-08-09 00:00:00+09:00,19350.0,19510.0,19290.0,19410.0,3474.0
2024-08-12 00:00:00+09:00,19440.0,19480.0,19390.0,19480.0,2339.0
2024-08-13 00:00:00+09:00,19480.0,19480.0,19360.0,19440.0,2216.0
2024-08-14 00:00:00+09:00,19440.0,19510.0,19430.0,19500.0,7015.0
2024-08-16 00:00:00+09:00,19480.0,19500.0,19350.0,19450.0,8439.0
2024-08-19 00:00:00+09:00,19450.0,19450.0,19380.0,19380.0,5161.0
2024-08-20 00:00:00+09:00,19370.0,19460.0,19300.0,19340.0,6368.0
2024-08-21 00:00:00+09:00,19440.0,19440.0,19350.0,19380.0,2455.0
2024-08-22 00:00:00+09:00,19420.0,19420.0,19250.0,19340.0,6299.0
2024-08-23 00:00:00+09:00,19390.0,19390.0,19260.0,19340.0,3718.0
2024-08-26 00:00:00+09:00,19390.0,19410.0,19290.0,19340.0,3961.0
2024-08-27 00:00:00+09:00,19390.0,19390.0,19280.0,19330.0,4154.0
2024-08-28 00:00:00+09:00,19370.0,19370.0,19260.0,19350.0,3237.0
2024-08-29 00:00:00+09:00,19330.0,19360.0,19260.0,19300.0,3827.0
2024-08-30 00:00:00+09:00,19380.0,19410.0,19290.0,19370.0,4663.0
2024-09-02 00:00:00+09:00,19360.0,19370.0,19320.0,19340.0,1457.0
2024-09-03 00:00:00+09:00,19360.0,19370.0,19300.0,19330.0,4290.0
2024-09-04 00:00:00+09:00,19320.0,19320.0,19160.0,19250.0,8019.0
2024-09-05 00:00:00+09:00,19250.0,19310.0,19220.0,19300.0,5473.0
2024-09-06 00:00:00+09:00,19580.0,19580.0,19210.0,19300.0,5927.0
2024-09-09 00:00:00+09:00,19200.0,19300.0,19140.0,19300.0,4805.0
2024-09-10 00:00:00+09:00,19530.0,19550.0,19330.0,19390.0,7889.0
2024-09-11 00:00:00+09:00,19470.0,19470.0,19180.0,19240.0,12952.0
2024-09-12 00:00:00+09:00,19360.0,19520.0,19250.0,19430.0,5581.0
2024-09-13 00:00:00+09:00,19490.0,19570.0,19430.0,19540.0,5163.0
2024-09-19 00:00:00+09:00,19510.0,19640.0,19510.0,19610.0,5850.0
2024-09-20 00:00:00+09:00,19610.0,20000.0,19610.0,19990.0,15845.0
2024-09-23 00:00:00+09:00,19990.0,20050.0,19950.0,20050.0,4406.0
2024-09-24 00:00:00+09:00,19900.0,20000.0,19900.0,20000.0,2450.0
2024-09-25 00:00:00+09:00,20050.0,20050.0,19940.0,19960.0,2259.0
2024-09-26 00:00:00+09:00,19980.0,20850.0,19940.0,20650.0,52258.0
2024-09-27 00:00:00+09:00,20800.0,21700.0,20700.0,20700.0,64281.0
2024-09-30 00:00:00+09:00,21100.0,21250.0,21000.0,21000.0,16607.0
2024-10-02 00:00:00+09:00,20800.0,21600.0,20750.0,21150.0,19114.0
2024-10-04 00:00:00+09:00,21200.0,21500.0,21200.0,21400.0,14488.0
2024-10-07 00:00:00+09:00,21400.0,21500.0,21000.0,21150.0,25851.0
2024-10-08 00:00:00+09:00,21150.0,21300.0,21050.0,21250.0,12685.0
2024-10-10 00:00:00+09:00,21300.0,21400.0,20800.0,21150.0,22451.0
2024-10-11 00:00:00+09:00,21200.0,21300.0,20800.0,21150.0,23887.0
2024-10-14 00:00:00+09:00,21150.0,21200.0,20900.0,21000.0,20421.0
2024-10-15 00:00:00+09:00,21000.0,21150.0,20800.0,20950.0,16931.0
2024-10-16 00:00:00+09:00,20850.0,21200.0,20800.0,21150.0,7970.0
2024-10-17 00:00:00+09:00,21150.0,21300.0,20900.0,21300.0,5583.0
2024-10-18 00:00:00+09:00,21300.0,21350.0,21200.0,21300.0,8272.0
2024-10-21 00:00:00+09:00,21400.0,21550.0,21300.0,21500.0,12182.0
2024-10-22 00:00:00+09:00,21550.0,21600.0,21250.0,21550.0,9862.0
2024-10-23 00:00:00+09:00,21500.0,21650.0,21400.0,21650.0,15721.0
2024-10-24 00:00:00+09:00,21600.0,21800.0,21450.0,21700.0,10657.0
2024-10-25 00:00:00+09:00,21750.0,21750.0,21550.0,21650.0,10879.0
2024-10-28 00:00:00+09:00,21650.0,21700.0,21500.0,21650.0,8706.0
2024-10-29 00:00:00+09:00,21650.0,21700.0,21550.0,21650.0,10002.0
2024-10-30 00:00:00+09:00,21650.0,21650.0,21450.0,21650.0,7087.0
2024-10-31 00:00:00+09:00,21600.0,21700.0,21350.0,21650.0,12219.0
2024-11-01 00:00:00+09:00,21550.0,21650.0,21500.0,21600.0,9148.0
2024-11-04 00:00:00+09:00,21500.0,21650.0,21400.0,21600.0,12046.0
2024-11-05 00:00:00+09:00,21450.0,21650.0,21450.0,21650.0,8451.0
2024-11-06 00:00:00+09:00,21500.0,21700.0,21450.0,21550.0,10443.0
2024-11-07 00:00:00+09:00,21550.0,21550.0,21200.0,21250.0,15542.0
2024-11-08 00:00:00+09:00,21250.0,21400.0,20950.0,21150.0,24906.0
2024-11-11 00:00:00+09:00,21100.0,21300.0,20900.0,21250.0,17081.0
2024-11-12 00:00:00+09:00,21250.0,21250.0,20600.0,20900.0,14826.0
2024-11-13 00:00:00+09:00,20900.0,20950.0,20600.0,20650.0,14274.0
2024-11-14 00:00:00+09:00,20650.0,21300.0,20550.0,20650.0,27731.0
2024-11-15 00:00:00+09:00,20700.0,21100.0,20650.0,21050.0,16275.0
2024-11-18 00:00:00+09:00,20800.0,21200.0,20800.0,21150.0,13912.0
2024-11-19 00:00:00+09:00,21150.0,21250.0,21000.0,21150.0,14002.0
2024-11-20 00:00:00+09:00,21150.0,21150.0,20900.0,21100.0,12450.0
2024-11-21 00:00:00+09:00,21100.0,21100.0,20900.0,20900.0,4243.0
2024-11-22 00:00:00+09:00,20900.0,21900.0,20800.0,21550.0,46001.0
2024-11-25 00:00:00+09:00,21900.0,22250.0,21550.0,22150.0,43341.0
2024-11-26 00:00:00+09:00,22150.0,22750.0,22000.0,22700.0,29445.0
2024-11-27 00:00:00+09:00,22700.0,22850.0,22550.0,22750.0,21015.0
2024-11-28 00:00:00+09:00,22600.0,22750.0,22400.0,22700.0,13398.0
2024-11-29 00:00:00+09:00,22700.0,22700.0,22300.0,22550.0,15485.0
2024-12-02 00:00:00+09:00,22550.0,22800.0,22300.0,22700.0,26300.0
2024-12-03 00:00:00+09:00,22550.0,23150.0,22550.0,22900.0,30707.0
2024-12-04 00:00:00+09:00,22600.0,22900.0,22350.0,22800.0,14636.0
2024-12-05 00:00:00+09:00,22700.0,22950.0,22050.0,22550.0,18198.0
2024-12-06 00:00:00+09:00,22500.0,22550.0,21900.0,22400.0,14767.0
2024-12-09 00:00:00+09:00,22250.0,22250.0,21650.0,21900.0,21356.0
2024-12-10 00:00:00+09:00,21850.0,22500.0,21850.0,22350.0,12860.0
2024-12-11 00:00:00+09:00,22500.0,22600.0,22350.0,22350.0,13810.0
2024-12-12 00:00:00+09:00,22500.0,22700.0,22450.0,22600.0,11994.0
2024-12-13 00:00:00+09:00,22400.0,23000.0,22400.0,23000.0,27741.0
2024-12-16 00:00:00+09:00,23000.0,23150.0,22850.0,23000.0,22637.0
2024-12-17 00:00:00+09:00,23000.0,23050.0,22500.0,22650.0,14402.0
2024-12-18 00:00:00+09:00,22650.0,23050.0,22500.0,22900.0,12595.0
2024-12-19 00:00:00+09:00,22900.0,23100.0,22500.0,22950.0,12062.0
2024-12-20 00:00:00+09:00,22900.0,23050.0,22750.0,22750.0,7553.0
2024-12-23 00:00:00+09:00,22750.0,22900.0,22600.0,22800.0,4016.0
2024-12-24 00:00:00+09:00,22600.0,22900.0,22050.0,22150.0,11511.0
2024-12-26 00:00:00+09:00,22100.0,22150.0,21400.0,21400.0,20833.0
2024-12-27 00:00:00+09:00,21200.0,21200.0,20650.0,20750.0,18184.0
2024-12-30 00:00:00+09:00,20750.0,21300.0,20650.0,20650.0,8178.0
2025-01-02 00:00:00+09:00,20950.0,20950.0,20600.0,20600.0,4861.0
2025-01-03 00:00:00+09:00,20900.0,20900.0,20400.0,20600.0,5450.0
2025-01-06 00:00:00+09:00,20800.0,21100.0,20500.0,20950.0,4363.0
2025-01-07 00:00:00+09:00,20950.0,20950.0,20700.0,20950.0,3213.0
2025-01-08 00:00:00+09:00,21100.0,21100.0,19610.0,20400.0,13417.0
2025-01-09 00:00:00+09:00,20600.0,20650.0,20000.0,20300.0,15943.0
2025-01-10 00:00:00+09:00,20300.0,20400.0,20200.0,20300.0,3347.0
2025-01-13 00:00:00+09:00,20500.0,20500.0,20250.0,20250.0,3337.0
2025-01-14 00:00:00+09:00,20350.0,20350.0,20050.0,20200.0,3640.0
2025-01-15 00:00:00+09:00,20450.0,20700.0,20250.0,20700.0,4993.0
2025-01-16 00:00:00+09:00,20850.0,20900.0,20500.0,20600.0,4216.0
2025-01-17 00:00:00+09:00,20800.0,21000.0,20500.0,20800.0,3594.0
2025-01-20 00:00:00+09:00,21000.0,21000.0,20450.0,20450.0,5001.0
2025-01-21 00:00:00+09:00,20650.0,20900.0,20300.0,20350.0,4717.0
2025-01-22 00:00:00+09:00,20700.0,20700.0,20150.0,20350.0,3466.0
2025-01-23 00:00:00+09:00,20350.0,20700.0,19760.0,19920.0,21180.0
2025-01-24 00:00:00+09:00,19980.0,20150.0,19900.0,19970.0,4776.0
2025-01-31 00:00:00+09:00,20100.0,20250.0,19900.0,20050.0,6813.0
2025-02-03 00:00:00+09:00,20050.0,20200.0,19900.0,19940.0,3737.0
2025-02-04 00:00:00+09:00,19920.0,20200.0,19920.0,20000.0,1697.0
2025-02-05 00:00:00+09:00,20200.0,20200.0,19990.0,20150.0,3008.0
2025-02-06 00:00:00+09:00,20300.0,20300.0,20000.0,20150.0,2144.0
2025-02-07 00:00:00+09:00,20150.0,20250.0,19990.0,20200.0,2917.0
2025-02-10 00:00:00+09:00,20300.0,20300.0,20100.0,20100.0,591.0
2025-02-11 00:00:00+09:00,20300.0,20300.0,20050.0,20200.0,1818.0
2025-02-12 00:00:00+09:00,20300.0,20350.0,20200.0,20300.0,2878.0
2025-02-13 00:00:00+09:00,20250.0,20400.0,20150.0,20300.0,2715.0
2025-02-14 00:00:00+09:00,20400.0,20450.0,20100.0,20250.0,2772.0
2025-02-17 00:00:00+09:00,20300.0,20350.0,20200.0,20300.0,4889.0
2025-02-18 00:00:00+09:00,20400.0,22400.0,20200.0,21550.0,82044.0
2025-02-19 00:00:00+09:00,21600.0,22350.0,21600.0,22200.0,44774.0
2025-02-20 00:00:00+09:00,22250.0,23150.0,22150.0,23000.0,32981.0
2025-02-21 00:00:00+09:00,23000.0,23100.0,22200.0,22750.0,19971.0
2025-02-24 00:00:00+09:00,22750.0,22800.0,22000.0,22050.0,9476.0
2025-02-25 00:00:00+09:00,22250.0,22650.0,21950.0,22450.0,9056.0
2025-02-26 00:00:00+09:00,22600.0,22650.0,22200.0,22500.0,6903.0
2025-02-27 00:00:00+09:00,22700.0,22700.0,22300.0,22450.0,3921.0
2025-02-28 00:00:00+09:00,22500.0,22500.0,22050.0,22300.0,4996.0
2025-03-04 00:00:00+09:00,22300.0,22400.0,22000.0,22050.0,5391.0
2025-03-05 00:00:00+09:00,21950.0,22400.0,21950.0,22250.0,6463.0
2025-03-06 00:00:00+09:00,22400.0,22550.0,22200.0,22350.0,5591.0
2025-03-07 00:00:00+09:00,22350.0,22350.0,21650.0,22000.0,21455.0
2025-03-10 00:00:00+09:00,21950.0,22200.0,21700.0,22200.0,7837.0
2025-03-11 00:00:00+09:00,22150.0,22250.0,21900.0,22200.0,1917.0
2025-03-12 00:00:00+09:00,22200.0,22300.0,22000.0,22300.0,3803.0
2025-03-13 00:00:00+09:00,22300.0,22950.0,22050.0,22550.0,26579.0
2025-03-14 00:00:00+09:00,22550.0,23100.0,22450.0,23050.0,12928.0
2025-03-17 00:00:00+09:00,23100.0,24000.0,23100.0,23550.0,22787.0
2025-03-18 00:00:00+09:00,23500.0,23800.0,23300.0,23300.0,6688.0
2025-03-19 00:00:00+09:00,23000.0,23600.0,23000.0,23550.0,6020.0
2025-03-20 00:00:00+09:00,23650.0,24000.0,23350.0,23650.0,15549.0
2025-03-21 00:00:00+09:00,23700.0,23950.0,23450.0,23850.0,12288.0
2025-03-24 00:00:00+09:00,23850.0,24000.0,23200.0,23500.0,16025.0
2025-03-25 00:00:00+09:00,23500.0,23500.0,23050.0,23250.0,11020.0
2025-03-26 00:00:00+09:00,23250.0,23450.0,22850.0,23150.0,10989.0
2025-03-27 00:00:00+09:00,23250.0,23500.0,22900.0,23500.0,4223.0
2025-03-28 00:00:00+09:00,23600.0,23600.0,22800.0,23200.0,8966.0
2025-03-31 00:00:00+09:00,23200.0,23200.0,22850.0,23100.0,4943.0
2025-04-01 00:00:00+09:00,23450.0,24050.0,23150.0,24050.0,10433.0
2025-04-02 00:00:00+09:00,24000.0,24000.0,23650.0,23850.0,6255.0
2025-04-03 00:00:00+09:00,23650.0,23950.0,23550.0,23850.0,6427.0
2025-04-04 00:00:00+09:00,23850.0,23850.0,23400.0,23700.0,7998.0
2025-04-07 00:00:00+09:00,23450.0,23450.0,22300.0,22750.0,21817.0
2025-04-08 00:00:00+09:00,23050.0,23350.0,22700.0,22950.0,11388.0
2025-04-09 00:00:00+09:00,22950.0,23200.0,22750.0,22950.0,5322.0
2025-04-10 00:00:00+09:00,23000.0,23600.0,23000.0,23350.0,10034.0
2025-04-11 00:00:00+09:00,23400.0,23500.0,22650.0,23300.0,32801.0
2025-04-14 00:00:00+09:00,23700.0,23950.0,23400.0,23850.0,10273.0
2025-04-15 00:00:00+09:00,24000.0,24000.0,23600.0,23700.0,4241.0
2025-04-16 00:00:00+09:00,23700.0,24000.0,23500.0,23950.0,6122.0
2025-04-17 00:00:00+09:00,23950.0,24050.0,23650.0,24000.0,13461.0
2025-04-18 00:00:00+09:00,24000.0,24700.0,23800.0,24700.0,29900.0
2025-04-21 00:00:00+09:00,24800.0,24800.0,24350.0,24650.0,12452.0
2025-04-22 00:00:00+09:00,24650.0,25150.0,24350.0,25150.0,28654.0
2025-04-23 00:00:00+09:00,25150.0,25150.0,24500.0,24800.0,14744.0
2025-04-24 00:00:00+09:00,24800.0,24800.0,24100.0,24300.0,12247.0
2025-04-25 00:00:00+09:00,24300.0,24400.0,23900.0,24300.0,10287.0
2025-04-28 00:00:00+09:00,24250.0,24250.0,23850.0,24100.0,14425.0
2025-04-29 00:00:00+09:00,23900.0,24200.0,23850.0,24050.0,6793.0
2025-04-30 00:00:00+09:00,24050.0,24200.0,23900.0,24100.0,7118.0
2025-05-02 00:00:00+09:00,24100.0,24450.0,23950.0,24350.0,9242.0
2025-05-07 00:00:00+09:00,24400.0,24400.0,23500.0,23750.0,20653.0
2025-05-08 00:00:00+09:00,23750.0,23950.0,23350.0,23650.0,24791.0
2025-05-09 00:00:00+09:00,23650.0,23800.0,23350.0,23650.0,16834.0
2025-05-12 00:00:00+09:00,23650.0,24150.0,23500.0,23900.0,7828.0
2025-05-13 00:00:00+09:00,23900.0,24500.0,23900.0,24500.0,7719.0
2025-05-14 00:00:00+09:00,24500.0,24650.0,24050.0,24300.0,9668.0
2025-05-15 00:00:00+09:00,24300.0,29550.0,24200.0,26500.0,296003.0
2025-05-16 00:00:00+09:00,27650.0,30900.0,27150.0,30500.0,313997.0
2025-05-19 00:00:00+09:00,30850.0,35500.0,30850.0,34600.0,393623.0
2025-05-20 00:00:00+09:00,35150.0,39350.0,34350.0,38900.0,269340.0
2025-05-21 00:00:00+09:00,38900.0,39550.0,35500.0,36600.0,201713.0
2025-05-22 00:00:00+09:00,36600.0,38100.0,34500.0,36500.0,87876.0
2025-05-23 00:00:00+09:00,36700.0,38250.0,35750.0,37100.0,101455.0
2025-05-26 00:00:00+09:00,36800.0,39750.0,36700.0,39150.0,157626.0
2025-05-27 00:00:00+09:00,39250.0,39450.0,37750.0,38450.0,56311.0
2025-05-28 00:00:00+09:00,36900.0,38100.0,33800.0,37200.0,200088.0
2025-05-29 00:00:00+09:00,37300.0,40650.0,36100.0,40000.0,117674.0
2025-05-30 00:00:00+09:00,40000.0,42300.0,38400.0,40400.0,101179.0
2025-06-02 00:00:00+09:00,40400.0,43700.0,39950.0,41000.0,87885.0
2025-06-04 00:00:00+09:00,40500.0,41350.0,39250.0,40100.0,59285.0
2025-06-05 00:00:00+09:00,40900.0,41650.0,40100.0,40750.0,58231.0
2025-06-09 00:00:00+09:00,40800.0,44750.0,40800.0,41250.0,87805.0
2025-06-10 00:00:00+09:00,41950.0,43150.0,40500.0,43100.0,49984.0
2025-06-11 00:00:00+09:00,43950.0,43950.0,40550.0,41650.0,115604.0
2025-06-12 00:00:00+09:00,41700.0,43000.0,40400.0,40800.0,57918.0
2025-06-13 00:00:00+09:00,40400.0,40800.0,38600.0,39750.0,83078.0
2025-06-16 00:00:00+09:00,38500.0,41450.0,38450.0,41100.0,39618.0
2025-06-17 00:00:00+09:00,41050.0,42700.0,40200.0,41600.0,55396.0
2025-06-18 00:00:00+09:00,41600.0,42700.0,41200.0,42100.0,35079.0
2025-06-19 00:00:00+09:00,42100.0,42500.0,41050.0,42500.0,26641.0
2025-06-20 00:00:00+09:00,42500.0,43300.0,41750.0,42200.0,23741.0
2025-06-23 00:00:00+09:00,41800.0,44000.0,41700.0,43900.0,43133.0
2025-06-24 00:00:00+09:00,43900.0,44450.0,42200.0,43900.0,30646.0
2025-06-25 00:00:00+09:00,43900.0,44600.0,41950.0,42850.0,43768.0
2025-06-26 00:00:00+09:00,42850.0,42850.0,39500.0,40100.0,58243.0
2025-06-27 00:00:00+09:00,40000.0,40950.0,39700.0,40100.0,20972.0
2025-06-30 00:00:00+09:00,39950.0,40150.0,37050.0,39300.0,47660.0
2025-07-01 00:00:00+09:00,39300.0,39800.0,37000.0,37000.0,53450.0
2025-07-02 00:00:00+09:00,37850.0,37850.0,35900.0,36700.0,37825.0
2025-07-03 00:00:00+09:00,36950.0,37250.0,36250.0,36250.0,25664.0
2025-07-04 00:00:00+09:00,37000.0,37000.0,35250.0,35450.0,27017.0
2025-07-07 00:00:00+09:00,35100.0,35900.0,35100.0,35450.0,13004.0
2025-07-08 00:00:00+09:00,35200.0,37000.0,35200.0,36850.0,25699.0
2025-07-09 00:00:00+09:00,37000.0,39000.0,36900.0,38250.0,32947.0
2025-07-10 00:00:00+09:00,38500.0,39000.0,37800.0,38550.0,20752.0
2025-07-11 00:00:00+09:00,38550.0,38900.0,37750.0,38100.0,11989.0
2025-07-14 00:00:00+09:00,37900.0,41500.0,37900.0,41000.0,53273.0
2025-07-15 00:00:00+09:00,41150.0,41150.0,39050.0,40150.0,24728.0
2025-07-16 00:00:00+09:00,40600.0,40850.0,39600.0,39850.0,11681.0
2025-07-17 00:00:00+09:00,40700.0,40700.0,38100.0,39200.0,18048.0
2025-07-18 00:00:00+09:00,39350.0,39850.0,39000.0,39600.0,11824.0
2025-07-21 00:00:00+09:00,39050.0,39900.0,38650.0,39350.0,15880.0
2025-07-22 00:00:00+09:00,39950.0,39950.0,37600.0,38300.0,32446.0
2025-07-23 00:00:00+09:00,38700.0,39750.0,37900.0,38900.0,30073.0
2025-07-24 00:00:00+09:00,39050.0,39450.0,37900.0,38200.0,18021.0
2025-07-25 00:00:00+09:00,38300.0,39500.0,38300.0,38800.0,14619.0
2025-07-28 00:00:00+09:00,38700.0,38950.0,38050.0,38900.0,10032.0
2025-07-29 00:00:00+09:00,39000.0,39350.0,38350.0,39300.0,10841.0
2025-07-30 00:00:00+09:00,39200.0,39450.0,37650.0,38250.0,18849.0
2025-07-31 00:00:00+09:00,38250.0,38900.0,38250.0,38800.0,7248.0
2025-08-01 00:00:00+09:00,39250.0,39250.0,36950.0,37350.0,20055.0
2025-08-04 00:00:00+09:00,36750.0,38550.0,36750.0,37650.0,13684.0
2025-08-05 00:00:00+09:00,37450.0,38650.0,37450.0,38600.0,6479.0
2025-08-06 00:00:00+09:00,38550.0,39450.0,38300.0,39450.0,10274.0
2025-08-07 00:00:00+09:00,39100.0,39450.0,38700.0,38950.0,12415.0
2025-08-08 00:00:00+09:00,38950.0,39450.0,38500.0,39000.0,8125.0
2025-08-11 00:00:00+09:00,39050.0,39200.0,38400.0,38950.0,9728.0
2025-08-12 00:00:00+09:00,38950.0,39400.0,38400.0,39050.0,11810.0
2025-08-13 00:00:00+09:00,38950.0,41850.0,38000.0,41650.0,66661.0
2025-08-14 00:00:00+09:00,42450.0,42750.0,36600.0,37850.0,154686.0
2025-08-18 00:00:00+09:00,37800.0,38300.0,36200.0,36500.0,49309.0
2025-08-19 00:00:00+09:00,36500.0,36950.0,35500.0,35950.0,25577.0
2025-08-20 00:00:00+09:00,35650.0,35900.0,34750.0,35800.0,23085.0
2025-08-21 00:00:00+09:00,36250.0,36250.0,35000.0,35750.0,17082.0
2025-08-22 00:00:00+09:00,35750.0,36000.0,35300.0,35600.0,11504.0
2025-08-25 00:00:00+09:00,36200.0,36500.0,35750.0,35850.0,11012.0
2025-08-26 00:00:00+09:00,36050.0,36500.0,35850.0,36250.0,9045.0
2025-08-27 00:00:00+09:00,36650.0,36650.0,36150.0,36400.0,5161.0
2025-08-28 00:00:00+09:00,36300.0,37000.0,35950.0,36800.0,11715.0
2025-08-29 00:00:00+09:00,36950.0,37100.0,36400.0,36650.0,7528.0
2025-09-01 00:00:00+09:00,37100.0,37100.0,35950.0,36000.0,5651.0
2025-09-02 00:00:00+09:00,36700.0,36700.0,35800.0,36300.0,5100.0
2025-09-03 00:00:00+09:00,36300.0,36900.0,35200.0,36300.0,13236.0
2025-09-04 00:00:00+09:00,36550.0,36875.0,36500.0,36650.0,4748.0
2025-09-05 00:00:00+09:00,37100.0,37100.0,36450.0,36600.0,4596.0
2025-09-08 00:00:00+09:00,36500.0,36900.0,36400.0,36550.0,5650.0
2025-09-09 00:00:00+09:00,36600.0,38100.0,36600.0,37750.0,22746.0
2025-09-10 00:00:00+09:00,37800.0,38500.0,37700.0,38300.0,13218.0
2025-09-11 00:00:00+09:00,38950.0,38950.0,37950.0,38050.0,9113.0
2025-09-12 00:00:00+09:00,38200.0,40450.0,37800.0,40250.0,28797.0
2025-09-15 00:00:00+09:00,40900.0,41950.0,39850.0,40950.0,23203.0
2025-09-16 00:00:00+09:00,40650.0,51000.0,40650.0,43550.0,172556.0
2025-09-17 00:00:00+09:00,44000.0,44000.0,42100.0,42400.0,22844.0
2025-09-18 00:00:00+09:00,42350.0,43200.0,42350.0,42950.0,9667.0
2025-09-19 00:00:00+09:00,43000.0,43150.0,42200.0,42900.0,10800.0
2025-09-22 00:00:00+09:00,42900.0,43300.0,42150.0,43100.0,9770.0
2025-09-23 00:00:00+09:00,43500.0,43550.0,42300.0,42450.0,10298.0
2025-09-24 00:00:00+09:00,42200.0,42800.0,41250.0,42600.0,15053.0
2025-09-25 00:00:00+09:00,42250.0,44500.0,41300.0,41350.0,23549.0
2025-09-26 00:00:00+09:00,41550.0,41650.0,40500.0,40900.0,16073.0
2025-09-29 00:00:00+09:00,40100.0,41400.0,40100.0,40900.0,8626.0
2025-09-30 00:00:00+09:00,40850.0,41500.0,40300.0,40700.0,9614.0
2025-10-01 00:00:00+09:00,40950.0,40950.0,40000.0,40600.0,10403.0
2025-10-02 00:00:00+09:00,40350.0,40350.0,39650.0,39650.0,14671.0
2025-10-10 00:00:00+09:00,39400.0,40050.0,38250.0,39200.0,15665.0
2025-10-13 00:00:00+09:00,39150.0,39300.0,38350.0,38900.0,6987.0
2025-10-14 00:00:00+09:00,38950.0,39500.0,38150.0,38650.0,9915.0
2025-10-15 00:00:00+09:00,38550.0,39450.0,38550.0,39200.0,9318.0
2025-10-16 00:00:00+09:00,39400.0,39650.0,38900.0,39150.0,6880.0
2025-10-17 00:00:00+09:00,39000.0,39150.0,38350.0,38650.0,14554.0
2025-10-20 00:00:00+09:00,38600.0,39000.0,38300.0,38700.0,3930.0
2025-10-21 00:00:00+09:00,39000.0,40500.0,39000.0,39650.0,15433.0
2025-10-22 00:00:00+09:00,39600.0,40600.0,39000.0,40300.0,9343.0
2025-10-23 00:00:00+09:00,40300.0,40300.0,39550.0,39600.0,8594.0
2025-10-24 00:00:00+09:00,40000.0,40450.0,39600.0,40400.0,7621.0
2025-10-27 00:00:00+09:00,40150.0,40450.0,40050.0,40050.0,9721.0
2025-10-28 00:00:00+09:00,40350.0,40700.0,40050.0,40550.0,7588.0
2025-10-29 00:00:00+09:00,40500.0,43150.0,40500.0,43000.0,31158.0
2025-10-30 00:00:00+09:00,43050.0,43300.0,41600.0,41950.0,16551.0
2025-10-31 00:00:00+09:00,42050.0,42150.0,41050.0,41350.0,8806.0
2025-11-03 00:00:00+09:00,41800.0,41800.0,40000.0,40750.0,13013.0
2025-11-04 00:00:00+09:00,41000.0,41200.0,40300.0,40600.0,8088.0
2025-11-05 00:00:00+09:00,40150.0,40450.0,38650.0,40000.0,15495.0
2025-11-06 00:00:00+09:00,40600.0,41200.0,39850.0,40950.0,12582.0
2025-11-07 00:00:00+09:00,40650.0,40950.0,39300.0,39700.0,9065.0
2025-11-10 00:00:00+09:00,40300.0,41400.0,39300.0,41300.0,15519.0
2025-11-11 00:00:00+09:00,41700.0,41950.0,40300.0,41100.0,7484.0
2025-11-12 00:00:00+09:00,41150.0,41150.0,40150.0,40950.0,7996.0
2025-11-13 00:00:00+09:00,40900.0,40900.0,40300.0,40800.0,6287.0
2025-11-14 00:00:00+09:00,40150.0,42450.0,40000.0,41200.0,28800.0
2025-11-17 00:00:00+09:00,41600.0,42250.0,41250.0,42250.0,13171.0
2025-11-18 00:00:00+09:00,42500.0,42500.0,40900.0,41050.0,12939.0
2025-11-19 00:00:00+09:00,41650.0,42950.0,41250.0,42350.0,21540.0
2025-11-20 00:00:00+09:00,42000.0,44350.0,42000.0,44000.0,19855.0
2025-11-21 00:00:00+09:00,43850.0,43900.0,40200.0,42850.0,14216.0
2025-11-24 00:00:00+09:00,43100.0,43400.0,41500.0,41750.0,11851.0
2025-11-25 00:00:00+09:00,42400.0,43850.0,42150.0,43800.0,20421.0
2025-11-26 00:00:00+09:00,44500.0,45500.0,44000.0,44800.0,28117.0
2025-11-27 00:00:00+09:00,45200.0,46600.0,43350.0,44950.0,39285.0
2025-11-28 00:00:00+09:00,45000.0,45450.0,44000.0,44100.0,11986.0
2025-12-01 00:00:00+09:00,45200.0,46950.0,44750.0,46650.0,35362.0
2025-12-02 00:00:00+09:00,46650.0,49000.0,46500.0,48850.0,20463.0
2025-12-03 00:00:00+09:00,49050.0,50300.0,48600.0,50100.0,22717.0
2025-12-04 00:00:00+09:00,50900.0,50900.0,48550.0,50200.0,19539.0
2025-12-05 00:00:00+09:00,50700.0,54900.0,50500.0,54900.0,58464.0
2025-12-08 00:00:00+09:00,54900.0,55000.0,48600.0,50800.0,44102.0
2025-12-09 00:00:00+09:00,50200.0,51100.0,49950.0,50500.0,11623.0
2025-12-10 00:00:00+09:00,51600.0,52800.0,50600.0,52200.0,31018.0
2025-12-11 00:00:00+09:00,52500.0,53800.0,52200.0,53000.0,30592.0
2025-12-12 00:00:00+09:00,54000.0,54500.0,53300.0,54400.0,27566.0
2025-12-15 00:00:00+09:00,53700.0,55000.0,53100.0,54300.0,18008.0
2025-12-16 00:00:00+09:00,55000.0,55000.0,52700.0,54100.0,30046.0
2025-12-17 00:00:00+09:00,54200.0,54600.0,51100.0,51800.0,21557.0
2025-12-18 00:00:00+09:00,51300.0,53600.0,51000.0,53400.0,23223.0
2025-12-19 00:00:00+09:00,53500.0,55200.0,52500.0,54900.0,20211.0
2025-12-22 00:00:00+09:00,55300.0,58400.0,54600.0,58200.0,28525.0
2025-12-23 00:00:00+09:00,58200.0,59100.0,57500.0,58600.0,21243.0
2025-12-24 00:00:00+09:00,58600.0,59300.0,57800.0,58600.0,15463.0
2025-12-26 00:00:00+09:00,58700.0,59900.0,55600.0,56900.0,42024.0
2025-12-29 00:00:00+09:00,55800.0,55900.0,51300.0,52900.0,37649.0
2025-12-30 00:00:00+09:00,52800.0,52800.0,50100.0,50900.0,24252.0
2026-01-02 00:00:00+09:00,51100.0,51900.0,49450.0,50300.0,26318.0
2026-01-05 00:00:00+09:00,50800.0,52300.0,49900.0,52000.0,33324.0
2026-01-06 00:00:00+09:00,52500.0,54100.0,51600.0,53000.0,21283.0
2026-01-07 00:00:00+09:00,53000.0,53300.0,52100.0,52500.0,17628.0
2026-01-08 00:00:00+09:00,52500.0,53400.0,51300.0,52200.0,19395.0
2026-01-09 00:00:00+09:00,51900.0,52900.0,51400.0,52200.0,12440.0
2026-01-12 00:00:00+09:00,52200.0,54200.0,52100.0,53900.0,22748.0
2026-01-13 00:00:00+09:00,53900.0,54000.0,52100.0,53500.0,11673.0
2026-01-14 00:00:00+09:00,53400.0,53800.0,52400.0,53000.0,6881.0
2026-01-15 00:00:00+09:00,53000.0,53500.0,52200.0,52900.0,9947.0
2026-01-16 00:00:00+09:00,52900.0,53700.0,52600.0,52900.0,6077.0
2026-01-19 00:00:00+09:00,53000.0,54700.0,51200.0,52100.0,19097.0
2026-01-20 00:00:00+09:00,52600.0,54000.0,51500.0,53700.0,19723.0
2026-01-21 00:00:00+09:00,52900.0,54400.0,52900.0,54000.0,16388.0
2026-01-22 00:00:00+09:00,54000.0,54500.0,50800.0,51100.0,61682.0
2026-01-23 00:00:00+09:00,51100.0,52500.0,50500.0,52000.0,22819.0
2026-01-26 00:00:00+09:00,51900.0,52000.0,48700.0,49850.0,36469.0
2026-01-27 00:00:00+09:00,49600.0,52000.0,49600.0,52000.0,29071.0
2026-01-28 00:00:00+09:00,52200.0,52400.0,51000.0,52000.0,21353.0
2026-01-29 00:00:00+09:00,51900.0,52500.0,50500.0,51800.0,17439.0
2026-01-30 00:00:00+09:00,51800.0,53800.0,51100.0,53200.0,29646.0
2026-02-02 00:00:00+09:00,52700.0,52700.0,50300.0,50600.0,32249.0
2026-02-03 00:00:00+09:00,50600.0,53500.0,50600.0,53200.0,25429.0
2026-02-04 00:00:00+09:00,53300.0,54500.0,51600.0,53100.0,21249.0
2026-02-05 00:00:00+09:00,53100.0,53500.0,51500.0,51500.0,19742.0
2026-02-06 00:00:00+09:00,50900.0,51300.0,49200.0,50300.0,24846.0
2026-02-09 00:00:00+09:00,51000.0,52400.0,51000.0,51900.0,14601.0
2026-02-10 00:00:00+09:00,51100.0,52400.0,51100.0,51900.0,8233.0
2026-02-11 00:00:00+09:00,51900.0,53000.0,51900.0,52100.0,7949.0
2026-02-12 00:00:00+09:00,52100.0,53000.0,51800.0,52700.0,10030.0
2026-02-13 00:00:00+09:00,52500.0,52700.0,51800.0,51900.0,14172.0
2026-02-19 00:00:00+09:00,51900.0,52200.0,50900.0,51800.0,21705.0
2026-02-20 00:00:00+09:00,51300.0,53500.0,51300.0,52600.0,18013.0
2026-02-23 00:00:00+09:00,52800.0,54400.0,52800.0,53400.0,18194.0
2026-02-24 00:00:00+09:00,53400.0,53900.0,52100.0,53100.0,9055.0
2026-02-25 00:00:00+09:00,53300.0,54200.0,53100.0,53600.0,15083.0
2026-02-26 00:00:00+09:00,54000.0,54000.0,51600.0,51800.0,22327.0
2026-02-27 00:00:00+09:00,51400.0,51600.0,50600.0,51200.0,23739.0
2026-03-03 00:00:00+09:00,51100.0,51400.0,49350.0,49500.0,25155.0
2026-03-04 00:00:00+09:00,48900.0,48950.0,43600.0,44700.0,50452.0
2026-03-05 00:00:00+09:00,48100.0,51900.0,47000.0,49600.0,20318.0
2026-03-06 00:00:00+09:00,49600.0,49600.0,47400.0,49200.0,11070.0
2026-03-09 00:00:00+09:00,48900.0,48900.0,46150.0,46800.0,13012.0
2026-03-10 00:00:00+09:00,48400.0,48550.0,45950.0,46350.0,27726.0
2026-03-11 00:00:00+09:00,46350.0,47700.0,45750.0,46500.0,38212.0
2026-03-12 00:00:00+09:00,46500.0,47950.0,46500.0,47450.0,15830.0
2026-03-13 00:00:00+09:00,47400.0,47450.0,45500.0,45750.0,32256.0
2026-03-16 00:00:00+09:00,45750.0,46600.0,45650.0,46550.0,12528.0
2026-03-17 00:00:00+09:00,46500.0,47450.0,45700.0,45950.0,17683.0
2026-03-18 00:00:00+09:00,47000.0,47050.0,45300.0,46200.0,30247.0
2026-03-19 00:00:00+09:00,45650.0,46250.0,45000.0,46200.0,12377.0
2026-03-20 00:00:00+09:00,46200.0,46850.0,46000.0,46350.0,7023.0
2026-03-23 00:00:00+09:00,46350.0,46350.0,44100.0,44500.0,15986.0
2026-03-24 00:00:00+09:00,45000.0,45200.0,43800.0,45100.0,11690.0
2026-03-25 00:00:00+09:00,44800.0,45700.0,44800.0,45000.0,9440.0
2026-03-26 00:00:00+09:00,45000.0,45150.0,43850.0,43900.0,12269.0
2026-03-27 00:00:00+09:00,43500.0,44550.0,42200.0,44200.0,12738.0
2026-03-30 00:00:00+09:00,44200.0,44400.0,42900.0,43600.0,16673.0
2026-03-31 00:00:00+09:00,43600.0,43900.0,42450.0,42550.0,11776.0
2026-04-01 00:00:00+09:00,43900.0,44400.0,43000.0,44200.0,12636.0
2026-04-02 00:00:00+09:00,44200.0,44400.0,41700.0,41950.0,16434.0
2026-04-03 00:00:00+09:00,42600.0,43350.0,42200.0,43100.0,7195.0
2026-04-06 00:00:00+09:00,43200.0,43400.0,42700.0,43050.0,7432.0
2026-04-07 00:00:00+09:00,43100.0,43450.0,42250.0,42300.0,8097.0
2026-04-08 00:00:00+09:00,42550.0,43400.0,42550.0,43250.0,10198.0
2026-04-09 00:00:00+09:00,43250.0,43250.0,42750.0,43050.0,6063.0
2026-04-10 00:00:00+09:00,43050.0,45000.0,42900.0,44000.0,13749.0
2026-04-13 00:00:00+09:00,43900.0,45200.0,43650.0,45200.0,14625.0
2026-04-14 00:00:00+09:00,45500.0,46200.0,45300.0,45450.0,23460.0
2026-04-15 00:00:00+09:00,45500.0,46150.0,45100.0,45400.0,12746.0
2026-04-16 00:00:00+09:00,46000.0,46450.0,45500.0,46300.0,9013.0
2026-04-17 00:00:00+09:00,46800.0,47650.0,46200.0,47450.0,12507.0
2026-04-20 00:00:00+09:00,47650.0,48100.0,47000.0,47450.0,11358.0
2026-04-21 00:00:00+09:00,47700.0,47700.0,47100.0,47400.0,7848.0
2026-04-22 00:00:00+09:00,47500.0,48100.0,47000.0,47400.0,10899.0
2026-04-23 00:00:00+09:00,47800.0,48000.0,47250.0,47600.0,12870.0
2026-04-24 00:00:00+09:00,47650.0,49300.0,47600.0,49200.0,18783.0
2026-04-27 00:00:00+09:00,49900.0,49950.0,46450.0,46500.0,56697.0
2026-04-28 00:00:00+09:00,47600.0,47600.0,46500.0,47250.0,19245.0
2026-04-29 00:00:00+09:00,47250.0,48550.0,47000.0,47550.0,34637.0
2026-04-30 00:00:00+09:00,47550.0,47600.0,46200.0,46200.0,26233.0
2026-05-04 00:00:00+09:00,46300.0,47550.0,45800.0,45950.0,31040.0
2026-05-06 00:00:00+09:00,46500.0,46500.0,44500.0,44900.0,29001.0
2026-05-07 00:00:00+09:00,45050.0,46400.0,44700.0,45500.0,17276.0
2026-05-08 00:00:00+09:00,45500.0,45750.0,45000.0,45400.0,25965.0
2026-05-11 00:00:00+09:00,45500.0,46000.0,44150.0,44250.0,25372.0
2026-05-12 00:00:00+09:00,44300.0,44950.0,43000.0,44050.0,21002.0
2026-05-13 00:00:00+09:00,43600.0,44050.0,43150.0,43500.0,10616.0
2026-05-14 00:00:00+09:00,43600.0,43950.0,43000.0,43550.0,16079.0
2026-05-15 00:00:00+09:00,43550.0,44000.0,42300.0,42350.0,33309.0
2026-05-18 00:00:00+09:00,42900.0,42900.0,40800.0,41000.0,23570.0
2026-05-19 00:00:00+09:00,41500.0,41900.0,39900.0,40350.0,18487.0
2026-05-20 00:00:00+09:00,40350.0,41600.0,38650.0,41600.0,20379.0
2026-05-21 00:00:00+09:00,41600.0,41600.0,39700.0,40800.0,32702.0
2026-05-22 00:00:00+09:00,41000.0,43000.0,41000.0,42800.0,21550.0
2026-05-26 00:00:00+09:00,43950.0,45550.0,42950.0,43800.0,33296.0
2026-05-27 00:00:00+09:00,44100.0,44500.0,42200.0,43150.0,19999.0
2026-05-28 00:00:00+09:00,43150.0,43550.0,41200.0,42000.0,26403.0
2026-05-29 00:00:00+09:00,42900.0,42900.0,40000.0,40800.0,26888.0
2026-06-01 00:00:00+09:00,40800.0,42000.0,39800.0,41800.0,15154.0
2026-06-02 00:00:00+09:00,41850.0,41850.0,40400.0,41350.0,18511.0
2026-06-04 00:00:00+09:00,41300.0,41500.0,40000.0,41300.0,14559.0
2026-06-05 00:00:00+09:00,41000.0,41850.0,40100.0,40100.0,11200.0
2026-06-08 00:00:00+09:00,40000.0,40800.0,37700.0,39950.0,24619.0
2026-06-09 00:00:00+09:00,40000.0,45800.0,40000.0,45000.0,39519.0
2026-06-10 00:00:00+09:00,45000.0,46500.0,42700.0,45000.0,38262.0
2026-06-11 00:00:00+09:00,45000.0,46400.0,43650.0,45750.0,22016.0
2026-06-12 00:00:00+09:00,46050.0,48150.0,45650.0,47600.0,46649.0
2026-06-15 00:00:00+09:00,48200.0,49500.0,47050.0,47350.0,18148.0
2026-06-16 00:00:00+09:00,47400.0,48400.0,47300.0,47700.0,20305.0
2026-06-17 00:00:00+09:00,47700.0,48300.0,45900.0,47750.0,19917.0
2026-06-18 00:00:00+09:00,47300.0,48100.0,46450.0,46600.0,13317.0
2026-06-19 00:00:00+09:00,46600.0,46600.0,44500.0,45150.0,15627.0
2026-06-22 00:00:00+09:00,45150.0,46550.0,44000.0,45400.0,20350.0
2026-06-23 00:00:00+09:00,45400.0,46500.0,43750.0,44000.0,12752.0
2026-06-24 00:00:00+09:00,44000.0,45600.0,43700.0,44050.0,8210.0
2026-06-25 00:00:00+09:00,50000.0,50100.0,45100.0,47750.0,71607.0
2026-06-26 00:00:00+09:00,47650.0,48200.0,45900.0,47000.0,43942.0
2026-06-29 00:00:00+09:00,46000.0,46950.0,43900.0,46500.0,37329.0
2026-06-30 00:00:00+09:00,47000.0,48000.0,45150.0,45150.0,10726.0
2026-07-01 00:00:00+09:00,45200.0,46350.0,44750.0,45000.0,5807.0
2026-07-02 00:00:00+09:00,45050.0,45050.0,43350.0,43850.0,11539.0
2026-07-03 00:00:00+09:00,43850.0,45050.0,42400.0,44800.0,7953.0
2026-07-06 00:00:00+09:00,45000.0,45500.0,44600.0,44800.0,9343.0
2026-07-07 00:00:00+09:00,44800.0,45300.0,43900.0,44300.0,9639.0
2026-07-08 00:00:00+09:00,44300.0,44800.0,43100.0,43100.0,10998.0
2026-07-09 00:00:00+09:00,43100.0,44600.0,42800.0,43600.0,12021.0
2026-07-10 00:00:00+09:00,44000.0,45000.0,43300.0,43300.0,9909.0
2026-07-13 00:00:00+09:00,43450.0,43950.0,41700.0,43100.0,15353.0
2026-07-14 00:00:00+09:00,42800.0,42800.0,41450.0,42150.0,10354.0
2026-07-15 00:00:00+09:00,42500.0,42950.0,42000.0,42850.0,5668.0
2026-07-16 00:00:00+09:00,42750.0,43500.0,42300.0,42350.0,3049.0
2026-07-20 00:00:00+09:00,42750.0,42750.0,40500.0,40500.0,10958.0
2026-07-21 00:00:00+09:00,40500.0,42000.0,40150.0,41650.0,8158.0
2026-07-22 00:00:00+09:00,41650.0,42350.0,41300.0,41400.0,4903.0
2026-07-23 00:00:00+09:00,41400.0,42950.0,41000.0,42850.0,4949.0
2026-07-24 00:00:00+09:00,42800.0,43400.0,41500.0,42450.0,16377.0
2026-07-27 00:00:00+09:00,42450.0,43500.0,42400.0,43050.0,5153.0
2026-07-28 00:00:00+09:00,43050.0,43050.0,41400.0,41600.0,12452.0
2026-07-29 00:00:00+09:00,41650.0,42400.0,39600.0,40650.0,22069.0
2026-07-30 00:00:00+09:00,40650.0,42000.0,40300.0,41700.0,9415.0
2026-07-31 00:00:00+09:00,41700.0,43600.0,41600.0,43400.0,12004.0
2026-08-03 00:00:00+09:00,43400.0,43900.0,42350.0,43300.0,5752.0
2026-08-04 00:00:00+09:00,43300.0,43650.0,42800.0,43000.0,5769.0
2026-08-05 00:00:00+09:00,44000.0,44150.0,43000.0,44000.0,4677.0
2026-08-06 00:00:00+09:00,44000.0,44250.0,43500.0,44000.0,5306.0
2026-08-07 00:00:00+09:00,44000.0,44300.0,43450.0,43850.0,2882.0
2026-08-10 00:00:00+09:00,44250.0,44250.0,43350.0,43800.0,4843.0
2026-08-11 00:00:00+09:00,44200.0,45900.0,43550.0,44400.0,6627.0
2026-08-12 00:00:00+09:00,44400.0,45900.0,44100.0,44800.0,8518.0
2026-08-13 00:00:00+09:00,45000.0,45500.0,43750.0,44300.0,6826.0
2026-08-14 00:00:00+09:00,44900.0,44900.0,43600.0,44500.0,6695.0
2026-08-18 00:00:00+09:00,44500.0,44850.0,43950.0,44550.0,7130.0
2026-08-19 00:00:00+09:00,44700.0,44850.0,43900.0,44200.0,5118.0
2026-08-20 00:00:00+09:00,44200.0,44750.0,44000.0,44300.0,3479.0
2026-08-21 00:00:00+09:00,44300.0,44300.0,43350.0,43850.0,4338.0
2026-08-24 00:00:00+09:00,43850.0,43950.0,43350.0,43600.0,3381.0
2026-08-25 00:00:00+09:00,43300.0,43950.0,43150.0,43450.0,7771.0
2026-08-26 00:00:00+09:00,44250.0,44500.0,43600.0,44450.0,3737.0
2026-08-27 00:00:00+09:00,44450.0,44450.0,44100.0,44100.0,4107.0
2026-08-28 00:00:00+09:00,44450.0,47400.0,43700.0,45350.0,44040.0
2026-08-31 00:00:00+09:00,44350.0,45900.0,44350.0,45800.0,11302.0
2026-09-01 00:00:00+09:00,45800.0,46300.0,45250.0,46050.0,8092.0
