code,name,market
005930,삼성전자,KOSPI
000660,SK하이닉스,KOSPI
402340,SK스퀘어,KOSPI
009150,삼성전기,KOSPI
373220,LG에너지솔루션,KOSPI
005380,현대차,KOSPI
207940,삼성바이오로직스,KOSPI
032830,삼성생명,KOSPI
105560,KB금융,KOSPI
028260,삼성물산,KOSPI
012450,한화에어로스페이스,KOSPI
034020,두산에너빌리티,KOSPI
055550,신한지주,KOSPI
000270,기아,KOSPI
329180,HD현대중공업,KOSPI
006400,삼성SDI,KOSPI
068270,셀트리온,KOSPI
012330,현대모비스,KOSPI
034730,SK,KOSPI
086790,하나금융지주,KOSPI
035420,NAVER,KOSPI
066570,LG전자,KOSPI
010120,LS ELECTRIC,KOSPI
000810,삼성화재,KOSPI
298040,효성중공업,KOSPI
267260,HD현대일렉트릭,KOSPI
010130,고려아연,KOSPI
042660,한화오션,KOSPI
005490,POSCO홀딩스,KOSPI
009540,HD한국조선해양,KOSPI
316140,우리금융지주,KOSPI
017670,SK텔레콤,KOSPI
042700,한미반도체,KOSPI
015760,한국전력,KOSPI
011200,HMM,KOSPI
000150,두산,KOSPI
096770,SK이노베이션,KOSPI
006800,미래에셋증권,KOSPI
051910,LG화학,KOSPI
018260,삼성에스디에스,KOSPI
010140,삼성중공업,KOSPI
033780,KT&G,KOSPI
003550,LG,KOSPI
278470,에이피알,KOSPI
267250,HD현대,KOSPI
010950,S-Oil,KOSPI
024110,기업은행,KOSPI
003670,포스코퓨처엠,KOSPI
035720,카카오,KOSPI
079550,LIG디펜스앤에어로스페이스,KOSPI
086280,현대글로비스,KOSPI
064350,현대로템,KOSPI
011070,LG이노텍,KOSPI
000720,현대건설,KOSPI
272210,한화시스템,KOSPI
030200,KT,KOSPI
047810,한국항공우주,KOSPI
005830,DB손해보험,KOSPI
078930,GS,KOSPI
003230,삼양식품,KOSPI
307950,현대오토에버,KOSPI
071050,한국금융지주,KOSPI
003490,대한항공,KOSPI
323410,카카오뱅크,KOSPI
259960,크래프톤,KOSPI
443060,HD현대마린솔루션,KOSPI
005940,NH투자증권,KOSPI
006260,LS,KOSPI
028050,삼성E&A,KOSPI
047050,포스코인터내셔널,KOSPI
090430,아모레퍼시픽,KOSPI
180640,한진칼,KOSPI
007660,이수페타시스,KOSPI
161390,한국타이어앤테크놀로지,KOSPI
047040,대우건설,KOSPI
016360,삼성증권,KOSPI
352820,하이브,KOSPI
009830,한화솔루션,KOSPI
064400,LG씨엔에스,KOSPI
039490,키움증권,KOSPI
000880,한화,KOSPI
021240,코웨이,KOSPI
326030,SK바이오팜,KOSPI
267270,HD건설기계,KOSPI
128940,한미약품,KOSPI
377300,카카오페이,KOSPI
032640,LG유플러스,KOSPI
000100,유한양행,KOSPI
062040,산일전기,KOSPI
000500,가온전선,KOSPI
241560,두산밥캣,KOSPI
001440,대한전선,KOSPI
066970,엘앤에프,KOSPI
029780,삼성카드,KOSPI
175330,JB금융지주,KOSPI
353200,대덕전자,KOSPI
088350,한화생명,KOSPI
010060,OCI홀딩스,KOSPI
271560,오리온,KOSPI
036570,NC,KOSPI
034220,LG디스플레이,KOSPI
088980,맥쿼리인프라,KOSPI
051900,LG생활건강,KOSPI
052690,한전기술,KOSPI
454910,두산로보틱스,KOSPI
011790,SKC,KOSPI
001450,현대해상,KOSPI
004020,현대제철,KOSPI
000990,DB하이텍,KOSPI
002380,KCC,KOSPI
082740,한화엔진,KOSPI
004170,신세계,KOSPI
161890,한국콜마,KOSPI
001040,CJ,KOSPI
018880,한온시스템,KOSPI
103590,일진전기,KOSPI
192820,코스맥스,KOSPI
036460,한국가스공사,KOSPI
009420,한올바이오파마,KOSPI
111770,영원무역,KOSPI
022100,포스코DX,KOSPI
006360,GS건설,KOSPI
012750,에스원,KOSPI
011780,금호석유화학,KOSPI
035250,강원랜드,KOSPI
085620,미래에셋생명,KOSPI
251270,넷마블,KOSPI
031210,서울보증보험,KOSPI
028670,팬오션,KOSPI
302440,SK바이오사이언스,KOSPI
008930,한미사이언스,KOSPI
336260,두산퓨얼셀,KOSPI
017800,현대엘리베이터,KOSPI
023530,롯데쇼핑,KOSPI
004800,효성,KOSPI
139130,iM금융지주,KOSPI
483650,달바글로벌,KOSPI
097950,CJ제일제당,KOSPI
375500,DL이앤씨,KOSPI
007340,DN오토모티브,KOSPI
004370,농심,KOSPI
450080,에코프로머티,KOSPI
026960,동서,KOSPI
003690,코리안리,KOSPI
383220,F&F,KOSPI
001720,신영증권,KOSPI
011170,롯데케미칼,KOSPI
282330,BGF리테일,KOSPI
489790,한화비전,KOSPI
426030,TIME 미국나스닥100액티브,KOSPI
005850,에스엘,KOSPI
103140,풍산,KOSPI
004990,롯데지주,KOSPI
204320,HL만도,KOSPI
000240,한국앤컴퍼니,KOSPI
279570,케이뱅크,KOSPI
181710,NHN,KOSPI
007070,GS리테일,KOSPI
030000,제일기획,KOSPI
009970,영원무역홀딩스,KOSPI
081660,미스토홀딩스,KOSPI
014680,한솔케미칼,KOSPI
005440,현대지에프홀딩스,KOSPI
002790,아모레퍼시픽홀딩스,KOSPI
018670,SK가스,KOSPI
051600,한전KPS,KOSPI
073240,금호타이어,KOSPI
456600,TIME 글로벌AI인공지능액티브,KOSPI
112610,씨에스윈드,KOSPI
139480,이마트,KOSPI
069960,현대백화점,KOSPI
457190,이수스페셜티케미컬,KOSPI
462870,시프트업,KOSPI
475150,SK이터닉스,KOSPI
439260,대한조선,KOSPI
020150,롯데에너지머티리얼즈,KOSPI
071970,HD현대마린엔진,KOSPI
089860,롯데렌탈,KOSPI
023590,다우기술,KOSPI
006040,동원산업,KOSPI
000120,CJ대한통운,KOSPI
120110,코오롱인더,KOSPI
008770,호텔신라,KOSPI
011210,현대위아,KOSPI
020560,아시아나항공,KOSPI
001800,오리온홀딩스,KOSPI
097230,HJ중공업,KOSPI
001430,세아베스틸지주,KOSPI
294870,IPARK현대산업개발,KOSPI
006280,녹십자,KOSPI
322000,HD현대에너지솔루션,KOSPI
298020,효성티앤씨,KOSPI
001120,LX인터내셔널,KOSPI
069620,대웅제약,KOSPI
007810,코리아써키트,KOSPI
229640,LS에코에너지,KOSPI
012630,HDC,KOSPI
361610,SK아이이테크놀로지,KOSPI
007310,오뚜기,KOSPI
280360,롯데웰푸드,KOSPI
093370,후성,KOSPI
001740,SK네트웍스,KOSPI
005070,코스모신소재,KOSPI
281820,케이씨텍,KOSPI
017960,한국카본,KOSPI
082640,동양생명,KOSPI
003540,대신증권,KOSPI
415640,KB발해인프라,KOSPI
192080,더블유게임즈,KOSPI
004000,롯데정밀화학,KOSPI
300720,한일시멘트,KOSPI
030610,교보증권,KOSPI
001820,삼화콘덴서,KOSPI
000080,하이트진로,KOSPI
003530,한화투자증권,KOSPI
006340,대원전선,KOSPI
032350,롯데관광개발,KOSPI
000210,DL,KOSPI
003090,대웅,KOSPI
003240,태광산업,KOSPI
003570,SNT다이내믹스,KOSPI
077970,STX엔진,KOSPI
479080,1Q 머니마켓액티브,KOSPI
006110,삼아알미늄,KOSPI
192400,쿠쿠홀딩스,KOSPI
000370,한화손해보험,KOSPI
185750,종근당,KOSPI
030190,NICE평가정보,KOSPI
285130,SK케미칼,KOSPI
009240,한샘,KOSPI
034230,파라다이스,KOSPI
005300,롯데칠성,KOSPI
009450,경동나비엔,KOSPI
004490,세방전지,KOSPI
195870,해성디에스,KOSPI
079160,CJ CGV,KOSPI
003470,유안타증권,KOSPI
005090,SGC에너지,KOSPI
006120,SK디스커버리,KOSPI
071320,지역난방공사,KOSPI
100090,SK오션플랜트,KOSPI
005180,빙그레,KOSPI
499790,GS피앤엘,KOSPI
441800,TIME Korea플러스배당액티브,KOSPI
298050,HS효성첨단소재,KOSPI
003850,보령,KOSPI
137310,에스디바이오센서,KOSPI
214320,이노션,KOSPI
000670,영풍,KOSPI
036530,SNT홀딩스,KOSPI
196170,알테오젠,KOSDAQ
086520,에코프로,KOSDAQ
247540,에코프로비엠,KOSDAQ
277810,레인보우로보틱스,KOSDAQ
036930,주성엔지니어링,KOSDAQ
240810,원익IPS,KOSDAQ
058470,리노공업,KOSDAQ
039030,이오테크닉스,KOSDAQ
028300,HLB,KOSDAQ
214450,파마리서치,KOSDAQ
222800,심텍,KOSDAQ
087010,펩트론,KOSDAQ
298380,에이비엘바이오,KOSDAQ
403870,HPSP,KOSDAQ
000250,삼천당제약,KOSDAQ
141080,리가켐바이오,KOSDAQ
319660,피에스케이,KOSDAQ
095340,ISC,KOSDAQ
108490,로보티즈,KOSDAQ
257720,실리콘투,KOSDAQ
145020,휴젤,KOSDAQ
310210,보로노이,KOSDAQ
440110,파두,KOSDAQ
084370,유진테크,KOSDAQ
214370,케어젠,KOSDAQ
095610,테스,KOSDAQ
357780,솔브레인,KOSDAQ
064760,티씨케이,KOSDAQ
319400,현대무벡스,KOSDAQ
080220,제주반도체,KOSDAQ
131290,티에스이,KOSDAQ
031980,피에스케이홀딩스,KOSDAQ
347850,디앤디파마텍,KOSDAQ
178320,서진시스템,KOSDAQ
067310,하나마이크론,KOSDAQ
237690,에스티팜,KOSDAQ
226950,올릭스,KOSDAQ
010170,대한광통신,KOSDAQ
214150,클래시스,KOSDAQ
032820,우리기술,KOSDAQ
005290,동진쎄미켐,KOSDAQ
140410,메지온,KOSDAQ
058610,에스피지,KOSDAQ
263750,펄어비스,KOSDAQ
083650,비에이치아이,KOSDAQ
098460,고영,KOSDAQ
140860,파크시스템스,KOSDAQ
068760,셀트리온제약,KOSDAQ
096530,씨젠,KOSDAQ
089030,테크윙,KOSDAQ
060370,LS마린솔루션,KOSDAQ
041510,에스엠,KOSDAQ
241710,코스메카코리아,KOSDAQ
007390,네이처셀,KOSDAQ
950160,코오롱티슈진,KOSDAQ
131970,두산테스나,KOSDAQ
089970,브이엠,KOSDAQ
323280,태성,KOSDAQ
030530,원익홀딩스,KOSDAQ
078600,대주전자재료,KOSDAQ
475830,오름테라퓨틱,KOSDAQ
290650,엘앤씨바이오,KOSDAQ
035900,JYP Ent.,KOSDAQ
420770,기가비스,KOSDAQ
039200,오스코텍,KOSDAQ
183300,코미코,KOSDAQ
082920,비츠로셀,KOSDAQ
127120,제이에스링크,KOSDAQ
218410,RFHIC,KOSDAQ
003380,하림지주,KOSDAQ
195940,HK이노엔,KOSDAQ
204270,제이앤티씨,KOSDAQ
043260,성호전자,KOSDAQ
347700,스피어,KOSDAQ
166090,하나머티리얼즈,KOSDAQ
437730,삼현,KOSDAQ
086450,동국제약,KOSDAQ
356860,티엘비,KOSDAQ
232140,와이씨,KOSDAQ
445680,큐리옥스바이오시스템즈,KOSDAQ
036540,SFA반도체,KOSDAQ
124500,아이티센글로벌,KOSDAQ
036830,솔브레인홀딩스,KOSDAQ
950260,인제니아테라퓨틱스(Reg.S),KOSDAQ
293490,카카오게임즈,KOSDAQ
476830,알지노믹스,KOSDAQ
101490,에스앤에스텍,KOSDAQ
056190,SFA,KOSDAQ
119850,지엔씨에너지,KOSDAQ
038500,삼표시멘트,KOSDAQ
100790,미래에셋벤처투자,KOSDAQ
458870,씨어스,KOSDAQ
014620,성광벤드,KOSDAQ
491000,리브스메드,KOSDAQ
065350,신성델타테크,KOSDAQ
252990,샘씨엔에스,KOSDAQ
083450,GST,KOSDAQ
099320,쎄트렉아이,KOSDAQ
031330,에스에이엠티,KOSDAQ
041830,인바디,KOSDAQ
213420,덕산네오룩스,KOSDAQ
090710,휴림로봇,KOSDAQ
388720,유일로보틱스,KOSDAQ
281740,레이크머티리얼즈,KOSDAQ
417200,LS머트리얼즈,KOSDAQ
032190,다우데이타,KOSDAQ
033100,제룡전기,KOSDAQ
251970,펌텍코리아,KOSDAQ
115180,큐리언트,KOSDAQ
090360,로보스타,KOSDAQ
085660,차바이오텍,KOSDAQ
122870,와이지엔터테인먼트,KOSDAQ
093320,케이아이엔엑스,KOSDAQ
225570,넥슨게임즈,KOSDAQ
456160,지투지바이오,KOSDAQ
171090,선익시스템,KOSDAQ
035760,CJ ENM,KOSDAQ
006730,서부T&D,KOSDAQ
137400,피엔티,KOSDAQ
388210,씨엠티엑스,KOSDAQ
023160,태광,KOSDAQ
074600,원익QnC,KOSDAQ
328130,루닛,KOSDAQ
189300,인텔리안테크,KOSDAQ
041960,코미팜,KOSDAQ
094170,동운아나텍,KOSDAQ
476060,온코닉테라퓨틱스,KOSDAQ
053800,안랩,KOSDAQ
253450,스튜디오드래곤,KOSDAQ
044490,태웅,KOSDAQ
122640,예스티,KOSDAQ
466100,클로봇,KOSDAQ
059090,미코,KOSDAQ
161580,필옵틱스,KOSDAQ
060250,NHN KCP,KOSDAQ
102710,이엔에프테크놀로지,KOSDAQ
048410,현대바이오,KOSDAQ
327260,RF머트리얼즈,KOSDAQ
222080,SFA넥셀,KOSDAQ
032500,케이엠더블유,KOSDAQ
121600,나노신소재,KOSDAQ
079940,가비아,KOSDAQ
052400,코나아이,KOSDAQ
425420,티에프이,KOSDAQ
295310,에이치브이엠,KOSDAQ
046890,서울반도체,KOSDAQ
160190,하이젠알앤엠,KOSDAQ
033790,피노,KOSDAQ
052020,에스티큐브,KOSDAQ
033500,동성화인텍,KOSDAQ
